id_provincia,id_partidos,a√±o,Votos
1,2,2024,4953
2,2,2024,17717
3,2,2024,75219
4,2,2024,32885
5,2,2024,8282
6,2,2024,25027
7,2,2024,35644
8,2,2024,109723
9,2,2024,15259
10,2,2024,15921
11,2,2024,42127
12,2,2024,26993
13,2,2024,22405
14,2,2024,30672
15,2,2024,20262
16,2,2024,10116
17,2,2024,12159
18,2,2024,39808
19,2,2024,14950
20,2,2024,5857
21,2,2024,16322
22,2,2024,9661
23,2,2024,26771
24,2,2024,19771
25,2,2024,7209
26,2,2024,10834
27,2,2024,5874
28,2,2024,297513
29,2,2024,59450
30,2,2024,82125
31,2,2024,17258
32,2,2024,5649
33,2,2024,42004
34,2,2024,7785
35,2,2024,44534
36,2,2024,16282
37,2,2024,14730
38,2,2024,36751
39,2,2024,25265
40,2,2024,7111
41,2,2024,69353
42,2,2024,3527
43,2,2024,18733
44,2,2024,6075
45,2,2024,38464
46,2,2024,123905
47,2,2024,27508
48,2,2024,12245
49,2,2024,7409
50,2,2024,44265
51,2,2024,3309
52,2,2024,2594
1,3,2024,27000
2,3,2024,172
3,3,2024,2137
4,3,2024,196
5,3,2024,102
6,3,2024,201
7,3,2024,16457
8,3,2024,256713
9,3,2024,668
10,3,2024,206
11,3,2024,543
12,3,2024,1405
13,3,2024,142
14,3,2024,179
15,3,2024,78624
16,3,2024,94
17,3,2024,34441
18,3,2024,446
19,3,2024,255
20,3,2024,96351
21,3,2024,141
22,3,2024,352
23,3,2024,123
24,3,2024,398
25,3,2024,23044
26,3,2024,453
27,3,2024,17423
28,3,2024,7481
29,3,2024,531
30,3,2024,514
31,3,2024,48779
32,3,2024,15448
33,3,2024,1658
34,3,2024,103
35,3,2024,897
36,3,2024,68515
37,3,2024,193
38,3,2024,886
39,3,2024,825
40,3,2024,150
41,3,2024,739
42,3,2024,67
43,3,2024,39936
44,3,2024,141
45,3,2024,257
46,3,2024,4916
47,3,2024,409
48,3,2024,105612
49,3,2024,93
50,3,2024,1046
51,3,2024,21
52,3,2024,18
1,4,2024,4738
2,4,2024,4912
3,4,2024,36217
4,4,2024,6035
5,4,2024,1770
6,4,2024,6277
7,4,2024,13882
8,4,2024,87128
9,4,2024,5234
10,4,2024,3970
11,4,2024,21725
12,4,2024,16661
13,4,2024,4888
14,4,2024,19726
15,4,2024,9947
16,4,2024,2121
17,4,2024,6282
18,4,2024,16353
19,4,2024,4285
20,4,2024,8466
21,4,2024,6687
22,4,2024,4079
23,4,2024,8566
24,4,2024,5314
25,4,2024,2570
26,4,2024,4008
27,4,2024,1546
28,4,2024,161734
29,4,2024,25953
30,4,2024,16984
31,4,2024,10017
32,4,2024,1479
33,4,2024,25189
34,4,2024,1892
35,4,2024,15957
36,4,2024,10187
37,4,2024,3335
38,4,2024,11209
39,4,2024,8053
40,4,2024,2316
41,4,2024,43123
42,4,2024,770
43,4,2024,6775
44,4,2024,1645
45,4,2024,7980
46,4,2024,97391
47,4,2024,8808
48,4,2024,15407
49,4,2024,1366
50,4,2024,20747
51,4,2024,312
52,4,2024,317
1,9,2024,2892
2,9,2024,8762
3,9,2024,38747
4,9,2024,15204
5,9,2024,3014
6,9,2024,9135
7,9,2024,17085
8,9,2024,51778
9,9,2024,6097
10,9,2024,5070
11,9,2024,25396
12,9,2024,11723
13,9,2024,7890
14,9,2024,16118
15,9,2024,9231
16,9,2024,3218
17,9,2024,4627
18,9,2024,20628
19,9,2024,6738
20,9,2024,3936
21,9,2024,7852
22,9,2024,4034
23,9,2024,10975
24,9,2024,7774
25,9,2024,2759
26,9,2024,4529
27,9,2024,2232
28,9,2024,141092
29,9,2024,38985
30,9,2024,34101
31,9,2024,7972
32,9,2024,2373
33,9,2024,13955
34,9,2024,2987
35,9,2024,23287
36,9,2024,8877
37,9,2024,5326
38,9,2024,19661
39,9,2024,14612
40,9,2024,2971
41,9,2024,45589
42,9,2024,1159
43,9,2024,8024
44,9,2024,2518
45,9,2024,13004
46,9,2024,63116
47,9,2024,11072
48,9,2024,8215
49,9,2024,2394
50,9,2024,19990
51,9,2024,1544
52,9,2024,1088
1,15,2024,4577
2,15,2024,3475
3,15,2024,16346
4,15,2024,3801
5,15,2024,1538
6,15,2024,5301
7,15,2024,10001
8,15,2024,93440
9,15,2024,3895
10,15,2024,3874
11,15,2024,11208
12,15,2024,6086
13,15,2024,3468
14,15,2024,7721
15,15,2024,9962
16,15,2024,1569
17,15,2024,6774
18,15,2024,10199
19,15,2024,3223
20,15,2024,8407
21,15,2024,3836
22,15,2024,2414
23,15,2024,4645
24,15,2024,4846
25,15,2024,2644
26,15,2024,2877
27,15,2024,1787
28,15,2024,124347
29,15,2024,14709
30,15,2024,12216
31,15,2024,8394
32,15,2024,1545
33,15,2024,16027
34,15,2024,1360
35,15,2024,11697
36,15,2024,8580
37,15,2024,3071
38,15,2024,11544
39,15,2024,6922
40,15,2024,1707
41,15,2024,25292
42,15,2024,733
43,15,2024,7115
44,15,2024,986
45,15,2024,5791
46,15,2024,36693
47,15,2024,6479
48,15,2024,14892
49,15,2024,1324
50,15,2024,12418
51,15,2024,400
52,15,2024,300
1,7,2024,61
2,7,2024,12
3,7,2024,496
4,7,2024,41
5,7,2024,16
6,7,2024,154
7,7,2024,2332
8,7,2024,288505
9,7,2024,22
10,7,2024,24
11,7,2024,197
12,7,2024,418
13,7,2024,23
14,7,2024,42
15,7,2024,72
16,7,2024,11
17,7,2024,68138
18,7,2024,50
19,7,2024,20
20,7,2024,176
21,7,2024,82
22,7,2024,104
23,7,2024,36
24,7,2024,121
25,7,2024,32642
26,7,2024,23
27,7,2024,61
28,7,2024,1166
29,7,2024,370
30,7,2024,149
31,7,2024,115
32,7,2024,41
33,7,2024,57
34,7,2024,11
35,7,2024,153
36,7,2024,138
37,7,2024,202
38,7,2024,183
39,7,2024,36
40,7,2024,7
41,7,2024,179
42,7,2024,7
43,7,2024,42001
44,7,2024,28
45,7,2024,19
46,7,2024,1077
47,7,2024,27
48,7,2024,210
49,7,2024,6
50,7,2024,79
51,7,2024,4
52,7,2024,3
1,8,2024,19129
2,8,2024,28
3,8,2024,261
4,8,2024,47
5,8,2024,21
6,8,2024,36
7,8,2024,3066
8,8,2024,1649
9,8,2024,129
10,8,2024,25
11,8,2024,125
12,8,2024,81
13,8,2024,38
14,8,2024,64
15,8,2024,145
16,8,2024,25
17,8,2024,191
18,8,2024,86
19,8,2024,41
20,8,2024,57735
21,8,2024,44
22,8,2024,28
23,8,2024,36
24,8,2024,44
25,8,2024,110
26,8,2024,100
27,8,2024,46
28,8,2024,1432
29,8,2024,151
30,8,2024,148
31,8,2024,8241
32,8,2024,32
33,8,2024,138
34,8,2024,22
35,8,2024,22221
36,8,2024,119
37,8,2024,51
38,8,2024,46055
39,8,2024,261
40,8,2024,26
41,8,2024,190
42,8,2024,9
43,8,2024,222
44,8,2024,15
45,8,2024,74
46,8,2024,450
47,8,2024,87
48,8,2024,118771
49,8,2024,18
50,8,2024,143
51,8,2024,4
52,8,2024,3
1,13,2024,797
2,13,2024,936
3,13,2024,5107
4,13,2024,1243
5,13,2024,286
6,13,2024,998
7,13,2024,2917
8,13,2024,24804
9,13,2024,922
10,13,2024,625
11,13,2024,3763
12,13,2024,1605
13,13,2024,946
14,13,2024,1774
15,13,2024,2208
16,13,2024,330
17,13,2024,2808
18,13,2024,2219
19,13,2024,837
20,13,2024,1353
21,13,2024,987
22,13,2024,508
23,13,2024,1222
24,13,2024,918
25,13,2024,1004
26,13,2024,627
27,13,2024,510
28,13,2024,20033
29,13,2024,5641
30,13,2024,3523
31,13,2024,1435
32,13,2024,546
33,13,2024,2648
34,13,2024,288
35,13,2024,3018
36,13,2024,2036
37,13,2024,529
38,13,2024,4610
39,13,2024,1604
40,13,2024,275
41,13,2024,6205
42,13,2024,120
43,13,2024,2676
44,13,2024,212
45,13,2024,1424
46,13,2024,8818
47,13,2024,1271
48,13,2024,2484
49,13,2024,239
50,13,2024,2284
51,13,2024,86
52,13,2024,88
1,9,2024,265
2,9,2024,1013
3,9,2024,4748
4,9,2024,1254
5,9,2024,555
6,9,2024,1361
7,9,2024,1865
8,9,2024,10952
9,9,2024,1597
10,9,2024,796
11,9,2024,2977
12,9,2024,1600
13,9,2024,1044
14,9,2024,2170
15,9,2024,1329
16,9,2024,384
17,9,2024,694
18,9,2024,2575
19,9,2024,774
20,9,2024,324
21,9,2024,1031
22,9,2024,672
23,9,2024,1339
24,9,2024,1210
25,9,2024,414
26,9,2024,769
27,9,2024,277
28,9,2024,30715
29,9,2024,4532
30,9,2024,3900
31,9,2024,1319
32,9,2024,295
33,9,2024,3065
34,9,2024,547
35,9,2024,1417
36,9,2024,1019
37,9,2024,1235
38,9,2024,1396
39,9,2024,2234
40,9,2024,650
41,9,2024,5839
42,9,2024,198
43,9,2024,1190
44,9,2024,237
45,9,2024,1447
46,9,2024,8506
47,9,2024,2461
48,9,2024,640
49,9,2024,360
50,9,2024,3688
51,9,2024,99
52,9,2024,116
1,9,2024,537
2,9,2024,462
3,9,2024,2550
4,9,2024,717
5,9,2024,222
6,9,2024,495
7,9,2024,1158
8,9,2024,7010
9,9,2024,877
10,9,2024,423
11,9,2024,1252
12,9,2024,945
13,9,2024,574
14,9,2024,852
15,9,2024,1221
16,9,2024,276
17,9,2024,573
18,9,2024,1015
19,9,2024,515
20,9,2024,797
21,9,2024,391
22,9,2024,415
23,9,2024,542
24,9,2024,741
25,9,2024,321
26,9,2024,500
27,9,2024,317
28,9,2024,13501
29,9,2024,1778
30,9,2024,1916
31,9,2024,1251
32,9,2024,324
33,9,2024,2008
34,9,2024,276
35,9,2024,1126
36,9,2024,1002
37,9,2024,440
38,9,2024,965
39,9,2024,1008
40,9,2024,302
41,9,2024,2307
42,9,2024,113
43,9,2024,864
44,9,2024,232
45,9,2024,1045
46,9,2024,4452
47,9,2024,1162
48,9,2024,1404
49,9,2024,199
50,9,2024,2161
51,9,2024,42
52,9,2024,55
1,9,2024,119
2,9,2024,179
3,9,2024,599
4,9,2024,119
5,9,2024,111
6,9,2024,260
7,9,2024,204
8,9,2024,1433
9,9,2024,772
10,9,2024,258
11,9,2024,411
12,9,2024,831
13,9,2024,177
14,9,2024,133
15,9,2024,165
16,9,2024,514
17,9,2024,96
18,9,2024,407
19,9,2024,260
20,9,2024,152
21,9,2024,108
22,9,2024,1591
23,9,2024,1581
24,9,2024,265
25,9,2024,60
26,9,2024,231
27,9,2024,59
28,9,2024,4104
29,9,2024,295
30,9,2024,768
31,9,2024,616
32,9,2024,64
33,9,2024,500
34,9,2024,226
35,9,2024,177
36,9,2024,144
37,9,2024,225
38,9,2024,173
39,9,2024,199
40,9,2024,187
41,9,2024,548
42,9,2024,3252
43,9,2024,191
44,9,2024,5356
45,9,2024,236
46,9,2024,1620
47,9,2024,600
48,9,2024,419
49,9,2024,734
50,9,2024,8275
51,9,2024,6
52,9,2024,9
1,9,2024,135
2,9,2024,226
3,9,2024,882
4,9,2024,269
5,9,2024,112
6,9,2024,281
7,9,2024,427
8,9,2024,2289
9,9,2024,397
10,9,2024,243
11,9,2024,923
12,9,2024,244
13,9,2024,250
14,9,2024,572
15,9,2024,466
16,9,2024,99
17,9,2024,196
18,9,2024,687
19,9,2024,208
20,9,2024,271
21,9,2024,224
22,9,2024,197
23,9,2024,297
24,9,2024,380
25,9,2024,100
26,9,2024,295
27,9,2024,111
28,9,2024,8222
29,9,2024,1020
30,9,2024,828
31,9,2024,542
32,9,2024,82
33,9,2024,1568
34,9,2024,158
35,9,2024,455
36,9,2024,311
37,9,2024,289
38,9,2024,473
39,9,2024,610
40,9,2024,162
41,9,2024,1605
42,9,2024,52
43,9,2024,175
44,9,2024,98
45,9,2024,302
46,9,2024,1484
47,9,2024,1011
48,9,2024,388
49,9,2024,166
50,9,2024,1083
51,9,2024,23
52,9,2024,14
1,9,2024,275
2,9,2024,162
3,9,2024,1200
4,9,2024,204
5,9,2024,61
6,9,2024,289
7,9,2024,744
8,9,2024,4631
9,9,2024,222
10,9,2024,196
11,9,2024,639
12,9,2024,389
13,9,2024,161
14,9,2024,309
15,9,2024,554
16,9,2024,74
17,9,2024,433
18,9,2024,468
19,9,2024,152
20,9,2024,463
21,9,2024,176
22,9,2024,149
23,9,2024,191
24,9,2024,292
25,9,2024,202
26,9,2024,205
27,9,2024,119
28,9,2024,4677
29,9,2024,683
30,9,2024,565
31,9,2024,744
32,9,2024,130
33,9,2024,775
34,9,2024,127
35,9,2024,536
36,9,2024,556
37,9,2024,197
38,9,2024,595
39,9,2024,303
40,9,2024,87
41,9,2024,995
42,9,2024,34
43,9,2024,431
44,9,2024,51
45,9,2024,278
46,9,2024,2060
47,9,2024,313
48,9,2024,924
49,9,2024,65
50,9,2024,578
51,9,2024,10
52,9,2024,13
1,9,2024,313
2,9,2024,126
3,9,2024,1108
4,9,2024,295
5,9,2024,74
6,9,2024,158
7,9,2024,1178
8,9,2024,3709
9,9,2024,222
10,9,2024,106
11,9,2024,471
12,9,2024,304
13,9,2024,145
14,9,2024,261
15,9,2024,349
16,9,2024,48
17,9,2024,461
18,9,2024,475
19,9,2024,135
20,9,2024,606
21,9,2024,475
22,9,2024,205
23,9,2024,146
24,9,2024,244
25,9,2024,371
26,9,2024,169
27,9,2024,107
28,9,2024,3453
29,9,2024,1101
30,9,2024,553
31,9,2024,711
32,9,2024,92
33,9,2024,521
34,9,2024,90
35,9,2024,574
36,9,2024,436
37,9,2024,115
38,9,2024,663
39,9,2024,485
40,9,2024,86
41,9,2024,917
42,9,2024,52
43,9,2024,486
44,9,2024,63
45,9,2024,212
46,9,2024,1571
47,9,2024,285
48,9,2024,884
49,9,2024,55
50,9,2024,697
51,9,2024,9
52,9,2024,13
1,9,2024,24
2,9,2024,24
3,9,2024,148
4,9,2024,377
5,9,2024,6
6,9,2024,26
7,9,2024,118
8,9,2024,849
9,9,2024,27
10,9,2024,24
11,9,2024,4000
12,9,2024,133
13,9,2024,29
14,9,2024,1362
15,9,2024,34
16,9,2024,10
17,9,2024,62
18,9,2024,1431
19,9,2024,31
20,9,2024,31
21,9,2024,1109
22,9,2024,15
23,9,2024,1034
24,9,2024,17
25,9,2024,25
26,9,2024,24
27,9,2024,5
28,9,2024,782
29,9,2024,2207
30,9,2024,74
31,9,2024,63
32,9,2024,12
33,9,2024,34
34,9,2024,10
35,9,2024,82
36,9,2024,44
37,9,2024,15
38,9,2024,86
39,9,2024,36
40,9,2024,13
41,9,2024,7692
42,9,2024,6
43,9,2024,156
44,9,2024,3
45,9,2024,60
46,9,2024,157
47,9,2024,22
48,9,2024,56
49,9,2024,10
50,9,2024,81
51,9,2024,17
52,9,2024,6
1,9,2024,83
2,9,2024,243
3,9,2024,919
4,9,2024,423
5,9,2024,114
6,9,2024,276
7,9,2024,469
8,9,2024,2111
9,9,2024,178
10,9,2024,213
11,9,2024,696
12,9,2024,302
13,9,2024,203
14,9,2024,472
15,9,2024,255
16,9,2024,77
17,9,2024,235
18,9,2024,633
19,9,2024,116
20,9,2024,117
21,9,2024,250
22,9,2024,88
23,9,2024,267
24,9,2024,198
25,9,2024,113
26,9,2024,134
27,9,2024,81
28,9,2024,3333
29,9,2024,882
30,9,2024,1132
31,9,2024,172
32,9,2024,78
33,9,2024,450
34,9,2024,76
35,9,2024,544
36,9,2024,262
37,9,2024,166
38,9,2024,477
39,9,2024,396
40,9,2024,74
41,9,2024,1057
42,9,2024,30
43,9,2024,295
44,9,2024,49
45,9,2024,276
46,9,2024,1407
47,9,2024,275
48,9,2024,182
49,9,2024,73
50,9,2024,433
51,9,2024,29
52,9,2024,7
1,9,2024,317
2,9,2024,123
3,9,2024,777
4,9,2024,174
5,9,2024,48
6,9,2024,95
7,9,2024,376
8,9,2024,2360
9,9,2024,254
10,9,2024,82
11,9,2024,344
12,9,2024,221
13,9,2024,100
14,9,2024,295
15,9,2024,387
16,9,2024,67
17,9,2024,285
18,9,2024,230
19,9,2024,95
20,9,2024,471
21,9,2024,230
22,9,2024,186
23,9,2024,252
24,9,2024,137
25,9,2024,184
26,9,2024,258
27,9,2024,95
28,9,2024,3027
29,9,2024,734
30,9,2024,463
31,9,2024,461
32,9,2024,65
33,9,2024,603
34,9,2024,81
35,9,2024,270
36,9,2024,331
37,9,2024,95
38,9,2024,268
39,9,2024,275
40,9,2024,57
41,9,2024,731
42,9,2024,32
43,9,2024,258
44,9,2024,69
45,9,2024,182
46,9,2024,1064
47,9,2024,323
48,9,2024,662
49,9,2024,43
50,9,2024,897
51,9,2024,11
52,9,2024,3
1,9,2024,88
2,9,2024,107
3,9,2024,404
4,9,2024,117
5,9,2024,58
6,9,2024,166
7,9,2024,267
8,9,2024,1891
9,9,2024,223
10,9,2024,112
11,9,2024,362
12,9,2024,138
13,9,2024,101
14,9,2024,415
15,9,2024,210
16,9,2024,50
17,9,2024,323
18,9,2024,378
19,9,2024,130
20,9,2024,158
21,9,2024,94
22,9,2024,89
23,9,2024,172
24,9,2024,286
25,9,2024,117
26,9,2024,140
27,9,2024,53
28,9,2024,2394
29,9,2024,468
30,9,2024,275
31,9,2024,202
32,9,2024,48
33,9,2024,935
34,9,2024,69
35,9,2024,198
36,9,2024,193
37,9,2024,106
38,9,2024,209
39,9,2024,345
40,9,2024,54
41,9,2024,793
42,9,2024,42
43,9,2024,280
44,9,2024,58
45,9,2024,152
46,9,2024,626
47,9,2024,249
48,9,2024,330
49,9,2024,46
50,9,2024,402
51,9,2024,10
52,9,2024,11
1,9,2024,99
2,9,2024,85
3,9,2024,359
4,9,2024,77
5,9,2024,31
6,9,2024,67
7,9,2024,270
8,9,2024,4555
9,9,2024,127
10,9,2024,57
11,9,2024,217
12,9,2024,132
13,9,2024,58
14,9,2024,100
15,9,2024,245
16,9,2024,36
17,9,2024,722
18,9,2024,137
19,9,2024,84
20,9,2024,147
21,9,2024,66
22,9,2024,64
23,9,2024,65
24,9,2024,92
25,9,2024,322
26,9,2024,93
27,9,2024,74
28,9,2024,1742
29,9,2024,225
30,9,2024,272
31,9,2024,231
32,9,2024,74
33,9,2024,221
34,9,2024,44
35,9,2024,181
36,9,2024,184
37,9,2024,65
38,9,2024,213
39,9,2024,154
40,9,2024,32
41,9,2024,353
42,9,2024,24
43,9,2024,610
44,9,2024,44
45,9,2024,110
46,9,2024,494
47,9,2024,141
48,9,2024,230
49,9,2024,37
50,9,2024,251
51,9,2024,9
52,9,2024,7
1,9,2024,83
2,9,2024,68
3,9,2024,576
4,9,2024,81
5,9,2024,23
6,9,2024,157
7,9,2024,241
8,9,2024,1791
9,9,2024,87
10,9,2024,73
11,9,2024,280
12,9,2024,186
13,9,2024,90
14,9,2024,349
15,9,2024,211
16,9,2024,44
17,9,2024,215
18,9,2024,266
19,9,2024,68
20,9,2024,153
21,9,2024,83
22,9,2024,53
23,9,2024,167
24,9,2024,94
25,9,2024,133
26,9,2024,71
27,9,2024,79
28,9,2024,978
29,9,2024,380
30,9,2024,234
31,9,2024,176
32,9,2024,74
33,9,2024,387
34,9,2024,38
35,9,2024,290
36,9,2024,215
37,9,2024,57
38,9,2024,221
39,9,2024,148
40,9,2024,23
41,9,2024,491
42,9,2024,22
43,9,2024,233
44,9,2024,32
45,9,2024,156
46,9,2024,718
47,9,2024,115
48,9,2024,248
49,9,2024,38
50,9,2024,112
51,9,2024,20
52,9,2024,4
1,9,2024,27
2,9,2024,71
3,9,2024,373
4,9,2024,111
5,9,2024,91
6,9,2024,118
7,9,2024,151
8,9,2024,655
9,9,2024,109
10,9,2024,84
11,9,2024,168
12,9,2024,161
13,9,2024,103
14,9,2024,177
15,9,2024,146
16,9,2024,62
17,9,2024,72
18,9,2024,178
19,9,2024,125
20,9,2024,32
21,9,2024,72
22,9,2024,68
23,9,2024,149
24,9,2024,132
25,9,2024,52
26,9,2024,75
27,9,2024,42
28,9,2024,2264
29,9,2024,242
30,9,2024,320
31,9,2024,75
32,9,2024,46
33,9,2024,254
34,9,2024,75
35,9,2024,119
36,9,2024,119
37,9,2024,103
38,9,2024,116
39,9,2024,154
40,9,2024,76
41,9,2024,411
42,9,2024,17
43,9,2024,100
44,9,2024,84
45,9,2024,266
46,9,2024,522
47,9,2024,233
48,9,2024,70
49,9,2024,50
50,9,2024,282
51,9,2024,5
52,9,2024,10
1,9,2024,56
2,9,2024,109
3,9,2024,354
4,9,2024,151
5,9,2024,69
6,9,2024,169
7,9,2024,108
8,9,2024,406
9,9,2024,289
10,9,2024,104
11,9,2024,202
12,9,2024,205
13,9,2024,61
14,9,2024,180
15,9,2024,215
16,9,2024,106
17,9,2024,64
18,9,2024,308
19,9,2024,77
20,9,2024,43
21,9,2024,115
22,9,2024,122
23,9,2024,292
24,9,2024,158
25,9,2024,66
26,9,2024,159
27,9,2024,169
28,9,2024,791
29,9,2024,233
30,9,2024,240
31,9,2024,209
32,9,2024,66
33,9,2024,238
34,9,2024,52
35,9,2024,115
36,9,2024,163
37,9,2024,124
38,9,2024,107
39,9,2024,167
40,9,2024,116
41,9,2024,417
42,9,2024,22
43,9,2024,172
44,9,2024,68
45,9,2024,197
46,9,2024,584
47,9,2024,172
48,9,2024,110
49,9,2024,325
50,9,2024,198
51,9,2024,8
52,9,2024,10
1,9,2024,47
2,9,2024,85
3,9,2024,433
4,9,2024,57
5,9,2024,98
6,9,2024,103
7,9,2024,190
8,9,2024,561
9,9,2024,125
10,9,2024,58
11,9,2024,209
12,9,2024,96
13,9,2024,55
14,9,2024,130
15,9,2024,110
16,9,2024,29
17,9,2024,60
18,9,2024,165
19,9,2024,68
20,9,2024,58
21,9,2024,98
22,9,2024,37
23,9,2024,140
24,9,2024,70
25,9,2024,35
26,9,2024,66
27,9,2024,24
28,9,2024,2278
29,9,2024,357
30,9,2024,232
31,9,2024,199
32,9,2024,34
33,9,2024,244
34,9,2024,40
35,9,2024,151
36,9,2024,142
37,9,2024,78
38,9,2024,154
39,9,2024,124
40,9,2024,40
41,9,2024,416
42,9,2024,15
43,9,2024,55
44,9,2024,13
45,9,2024,97
46,9,2024,623
47,9,2024,128
48,9,2024,111
49,9,2024,26
50,9,2024,247
51,9,2024,16
52,9,2024,3
1,9,2024,57
2,9,2024,47
3,9,2024,329
4,9,2024,103
5,9,2024,26
6,9,2024,70
7,9,2024,124
8,9,2024,970
9,9,2024,79
10,9,2024,35
11,9,2024,188
12,9,2024,96
13,9,2024,47
14,9,2024,165
15,9,2024,119
16,9,2024,29
17,9,2024,91
18,9,2024,135
19,9,2024,32
20,9,2024,96
21,9,2024,64
22,9,2024,52
23,9,2024,113
24,9,2024,55
25,9,2024,44
26,9,2024,51
27,9,2024,32
28,9,2024,897
29,9,2024,222
30,9,2024,308
31,9,2024,128
32,9,2024,35
33,9,2024,223
34,9,2024,20
35,9,2024,188
36,9,2024,155
37,9,2024,26
38,9,2024,226
39,9,2024,109
40,9,2024,21
41,9,2024,256
42,9,2024,12
43,9,2024,97
44,9,2024,22
45,9,2024,68
46,9,2024,695
47,9,2024,81
48,9,2024,191
49,9,2024,27
50,9,2024,311
51,9,2024,3
52,9,2024,5
1,9,2024,51
2,9,2024,53
3,9,2024,306
4,9,2024,52
5,9,2024,20
6,9,2024,59
7,9,2024,153
8,9,2024,575
9,9,2024,63
10,9,2024,46
11,9,2024,205
12,9,2024,66
13,9,2024,49
14,9,2024,97
15,9,2024,96
16,9,2024,16
17,9,2024,63
18,9,2024,109
19,9,2024,43
20,9,2024,72
21,9,2024,65
22,9,2024,33
23,9,2024,64
24,9,2024,50
25,9,2024,34
26,9,2024,60
27,9,2024,28
28,9,2024,1317
29,9,2024,235
30,9,2024,209
31,9,2024,139
32,9,2024,29
33,9,2024,162
34,9,2024,23
35,9,2024,183
36,9,2024,105
37,9,2024,46
38,9,2024,131
39,9,2024,111
40,9,2024,28
41,9,2024,279
42,9,2024,4
43,9,2024,69
44,9,2024,11
45,9,2024,74
46,9,2024,395
47,9,2024,88
48,9,2024,117
49,9,2024,18
50,9,2024,127
51,9,2024,4
52,9,2024,6
1,9,2024,26
2,9,2024,19
3,9,2024,405
4,9,2024,35
5,9,2024,23
6,9,2024,53
7,9,2024,144
8,9,2024,1484
9,9,2024,58
10,9,2024,21
11,9,2024,133
12,9,2024,149
13,9,2024,18
14,9,2024,59
15,9,2024,77
16,9,2024,14
17,9,2024,258
18,9,2024,49
19,9,2024,28
20,9,2024,54
21,9,2024,60
22,9,2024,24
23,9,2024,78
24,9,2024,28
25,9,2024,205
26,9,2024,33
27,9,2024,43
28,9,2024,480
29,9,2024,245
30,9,2024,96
31,9,2024,70
32,9,2024,12
33,9,2024,118
34,9,2024,7
35,9,2024,108
36,9,2024,83
37,9,2024,72
38,9,2024,66
39,9,2024,37
40,9,2024,13
41,9,2024,91
42,9,2024,10
43,9,2024,260
44,9,2024,13
45,9,2024,52
46,9,2024,795
47,9,2024,44
48,9,2024,74
49,9,2024,13
50,9,2024,93
51,9,2024,45
52,9,2024,1
1,9,2024,50
2,9,2024,21
3,9,2024,116
4,9,2024,22
5,9,2024,35
6,9,2024,31
7,9,2024,63
8,9,2024,432
9,9,2024,78
10,9,2024,32
11,9,2024,60
12,9,2024,40
13,9,2024,18
14,9,2024,25
15,9,2024,67
16,9,2024,4
17,9,2024,52
18,9,2024,31
19,9,2024,27
20,9,2024,30
21,9,2024,25
22,9,2024,20
23,9,2024,17
24,9,2024,1736
25,9,2024,24
26,9,2024,40
27,9,2024,13
28,9,2024,986
29,9,2024,93
30,9,2024,64
31,9,2024,47
32,9,2024,26
33,9,2024,97
34,9,2024,45
35,9,2024,86
36,9,2024,46
37,9,2024,475
38,9,2024,74
39,9,2024,53
40,9,2024,29
41,9,2024,103
42,9,2024,13
43,9,2024,44
44,9,2024,5
45,9,2024,32
46,9,2024,174
47,9,2024,143
48,9,2024,70
49,9,2024,470
50,9,2024,49
51,9,2024,2
52,9,2024,5
1,9,2024,31
2,9,2024,18
3,9,2024,145
4,9,2024,33
5,9,2024,19
6,9,2024,20
7,9,2024,101
8,9,2024,631
9,9,2024,36
10,9,2024,27
11,9,2024,105
12,9,2024,47
13,9,2024,21
14,9,2024,33
15,9,2024,993
16,9,2024,8
17,9,2024,72
18,9,2024,37
19,9,2024,24
20,9,2024,35
21,9,2024,22
22,9,2024,16
23,9,2024,20
24,9,2024,64
25,9,2024,42
26,9,2024,27
27,9,2024,270
28,9,2024,694
29,9,2024,68
30,9,2024,104
31,9,2024,58
32,9,2024,211
33,9,2024,86
34,9,2024,18
35,9,2024,92
36,9,2024,607
37,9,2024,25
38,9,2024,111
39,9,2024,57
40,9,2024,11
41,9,2024,75
42,9,2024,4
43,9,2024,71
44,9,2024,10
45,9,2024,45
46,9,2024,190
47,9,2024,46
48,9,2024,56
49,9,2024,20
50,9,2024,43
51,9,2024,5
52,9,2024,1
1,9,2024,19
2,9,2024,40
3,9,2024,263
4,9,2024,47
5,9,2024,29
6,9,2024,45
7,9,2024,124
8,9,2024,384
9,9,2024,95
10,9,2024,38
11,9,2024,164
12,9,2024,73
13,9,2024,49
14,9,2024,87
15,9,2024,72
16,9,2024,24
17,9,2024,46
18,9,2024,108
19,9,2024,41
20,9,2024,70
21,9,2024,57
22,9,2024,29
23,9,2024,59
24,9,2024,43
25,9,2024,24
26,9,2024,41
27,9,2024,26
28,9,2024,1019
29,9,2024,213
30,9,2024,230
31,9,2024,112
32,9,2024,34
33,9,2024,154
34,9,2024,33
35,9,2024,120
36,9,2024,55
37,9,2024,41
38,9,2024,104
39,9,2024,100
40,9,2024,26
41,9,2024,252
42,9,2024,19
43,9,2024,47
44,9,2024,13
45,9,2024,64
46,9,2024,348
47,9,2024,141
48,9,2024,84
49,9,2024,128
50,9,2024,108
51,9,2024,21
52,9,2024,7
1,9,2024,33
2,9,2024,14
3,9,2024,101
4,9,2024,18
5,9,2024,10
6,9,2024,1096
7,9,2024,61
8,9,2024,588
9,9,2024,29
10,9,2024,796
11,9,2024,57
12,9,2024,34
13,9,2024,36
14,9,2024,45
15,9,2024,44
16,9,2024,7
17,9,2024,163
18,9,2024,34
19,9,2024,25
20,9,2024,33
21,9,2024,37
22,9,2024,11
23,9,2024,17
24,9,2024,18
25,9,2024,68
26,9,2024,20
27,9,2024,9
28,9,2024,1113
29,9,2024,76
30,9,2024,54
31,9,2024,35
32,9,2024,16
33,9,2024,36
34,9,2024,9
35,9,2024,61
36,9,2024,38
37,9,2024,32
38,9,2024,50
39,9,2024,33
40,9,2024,7
41,9,2024,148
42,9,2024,5
43,9,2024,135
44,9,2024,3
45,9,2024,71
46,9,2024,134
47,9,2024,17
48,9,2024,43
49,9,2024,5
50,9,2024,40
51,9,2024,2
52,9,2024,0
1,9,2024,32
2,9,2024,25
3,9,2024,162
4,9,2024,42
5,9,2024,19
6,9,2024,33
7,9,2024,88
8,9,2024,1027
9,9,2024,51
10,9,2024,33
11,9,2024,150
12,9,2024,50
13,9,2024,44
14,9,2024,46
15,9,2024,74
16,9,2024,13
17,9,2024,117
18,9,2024,69
19,9,2024,28
20,9,2024,91
21,9,2024,30
22,9,2024,30
23,9,2024,65
24,9,2024,36
25,9,2024,30
26,9,2024,38
27,9,2024,16
28,9,2024,828
29,9,2024,93
30,9,2024,153
31,9,2024,83
32,9,2024,19
33,9,2024,144
34,9,2024,16
35,9,2024,105
36,9,2024,64
37,9,2024,25
38,9,2024,111
39,9,2024,86
40,9,2024,21
41,9,2024,154
42,9,2024,9
43,9,2024,45
44,9,2024,20
45,9,2024,52
46,9,2024,229
47,9,2024,46
48,9,2024,62
49,9,2024,11
50,9,2024,239
51,9,2024,3
52,9,2024,9
1,9,2024,20
2,9,2024,8
3,9,2024,69
4,9,2024,20
5,9,2024,11
6,9,2024,725
7,9,2024,41
8,9,2024,209
9,9,2024,17
10,9,2024,591
11,9,2024,49
12,9,2024,24
13,9,2024,21
14,9,2024,15
15,9,2024,24
16,9,2024,2
17,9,2024,21
18,9,2024,16
19,9,2024,19
20,9,2024,33
21,9,2024,21
22,9,2024,15
23,9,2024,14
24,9,2024,16
25,9,2024,14
26,9,2024,8
27,9,2024,8
28,9,2024,702
29,9,2024,53
30,9,2024,45
31,9,2024,28
32,9,2024,13
33,9,2024,28
34,9,2024,7
35,9,2024,39
36,9,2024,28
37,9,2024,29
38,9,2024,34
39,9,2024,28
40,9,2024,15
41,9,2024,105
42,9,2024,8
43,9,2024,30
44,9,2024,4
45,9,2024,51
46,9,2024,103
47,9,2024,29
48,9,2024,35
49,9,2024,7
50,9,2024,35
51,9,2024,4
52,9,2024,0
1,1,2019,35649
2,1,2019,80806
3,1,2019,258775
4,1,2019,101537
5,1,2019,27997
6,1,2019,175175
7,1,2019,123196
8,1,2019,616789
9,1,2019,66402
10,1,2019,102569
11,1,2019,198398
12,1,2019,94421
13,1,2019,112808
14,1,2019,159043
15,1,2019,200603
16,1,2019,49051
17,1,2019,49400
18,1,2019,178251
19,1,2019,45536
20,1,2019,66702
21,1,2019,108350
22,1,2019,42672
23,1,2019,159505
24,1,2019,99019
25,1,2019,28881
26,1,2019,60105
27,1,2019,64650
28,1,2019,1039992
29,1,2019,244494
30,1,2019,205698
31,1,2019,94963
32,1,2019,61401
33,1,2019,200760
34,1,2019,34022
35,1,2019,145386
36,1,2019,182511
37,1,2019,60655
38,1,2019,141380
39,1,2019,117220
40,1,2019,27869
41,1,2019,396286
42,1,2019,18324
43,1,2019,71183
44,1,2019,26999
45,1,2019,145699
46,1,2019,409246
47,1,2019,101291
48,1,2019,110087
49,1,2019,37364
50,1,2019,169968
51,1,2019,11008
52,1,2019,7466
1,0,2019,20112
2,0,2019,55519
3,0,2019,188947
4,0,2019,87852
5,0,2019,35168
6,0,2019,90863
7,0,2019,88838
8,0,2019,139058
9,0,2019,51971
10,0,2019,64467
11,0,2019,100517
12,0,2019,67458
13,0,2019,75121
14,0,2019,95290
15,0,2019,169107
16,0,2019,36669
17,0,2019,10573
18,0,2019,102218
19,0,2019,30150
20,0,2019,15805
21,0,2019,51997
22,0,2019,25336
23,0,2019,81975
24,0,2019,68786
25,0,2019,9775
26,0,2019,50012
27,0,2019,65815
28,0,2019,713272
29,0,2019,168387
30,0,2019,196729
31,0,2019,63637
32,0,2019,63790
33,0,2019,99005
34,0,2019,31978
35,0,2019,70693
36,0,2019,134064
37,0,2019,64947
38,0,2019,71102
39,0,2019,84608
40,0,2019,26324
41,0,2019,160540
42,0,2019,13741
43,0,2019,19220
44,0,2019,19117
45,0,2019,98679
46,0,2019,265971
47,0,2019,81736
48,0,2019,36188
49,0,2019,32786
50,0,2019,99332
51,0,2019,8930
52,0,2019,9820
1,9,2019,6001
2,9,2019,28003
3,9,2019,116317
4,9,2019,34897
5,9,2019,15195
6,9,2019,42827
7,9,2019,49670
8,9,2019,231916
9,9,2019,30926
10,9,2019,25029
11,9,2019,76043
12,9,2019,35067
13,9,2019,31412
14,9,2019,50584
15,9,2019,40950
16,9,2019,10700
17,9,2019,20416
18,9,2019,59562
19,9,2019,18495
20,9,2019,8386
21,9,2019,26886
22,9,2019,16792
23,9,2019,40996
24,9,2019,33578
25,9,2019,11442
26,9,2019,21287
27,9,2019,9728
28,9,2019,586867
29,9,2019,91867
30,9,2019,90389
31,9,2019,25135
32,9,2019,12550
33,9,2019,70662
34,9,2019,12480
35,9,2019,37401
36,9,2019,33572
37,9,2019,29078
38,9,2019,30493
39,9,2019,43585
40,9,2019,13339
41,9,2019,114918
42,9,2019,6241
43,9,2019,34351
44,9,2019,10965
45,9,2019,42115
46,9,2019,178237
47,9,2019,48532
48,9,2019,15907
49,9,2019,13897
50,9,2019,86777
51,9,2019,2527
52,9,2019,2681
1,6,2019,18934
2,6,2019,16837
3,6,2019,71234
4,6,2019,19043
5,6,2019,6108
6,6,2019,24449
7,6,2019,44092
8,6,2019,246799
9,6,2019,17765
10,6,2019,16192
11,6,2019,74169
12,6,2019,24432
13,6,2019,18047
14,6,2019,51382
15,6,2019,48193
16,6,2019,7645
17,6,2019,15173
18,6,2019,48080
19,6,2019,12330
20,6,2019,37324
21,6,2019,21797
22,6,2019,10923
23,6,2019,29432
24,6,2019,22333
25,6,2019,7832
26,6,2019,13487
27,6,2019,10863
28,6,2019,410598
29,6,2019,75636
30,6,2019,51088
31,6,2019,39636
32,6,2019,9444
33,6,2019,76501
34,6,2019,7007
35,6,2019,47746
36,6,2019,49234
37,6,2019,11980
38,6,2019,45390
39,6,2019,26636
40,6,2019,7111
41,6,2019,121743
42,6,2019,3478
43,6,2019,21643
44,6,2019,5917
45,6,2019,26268
46,6,2019,128058
47,6,2019,25606
48,6,2019,67467
49,6,2019,7055
50,6,2019,51528
51,6,2019,1108
52,6,2019,950
1,2,2019,3343
2,2,2019,15221
3,2,2019,55152
4,2,2019,32089
5,2,2019,7615
6,2,2019,20584
7,2,2019,32130
8,2,2019,51071
9,2,2019,13187
10,2,2019,13457
11,2,2019,38805
12,2,2019,19888
13,2,2019,18217
14,2,2019,25902
15,2,2019,16216
16,2,2019,7937
17,2,2019,5334
18,2,2019,36787
19,2,2019,13762
20,2,2019,3180
21,2,2019,14882
22,2,2019,7504
23,2,2019,21943
24,2,2019,16251
25,2,2019,3067
26,2,2019,8359
27,2,2019,4963
28,2,2019,317659
29,2,2019,52302
30,2,2019,71578
31,2,2019,14260
32,2,2019,4573
33,2,2019,38641
34,2,2019,6443
35,2,2019,15987
36,2,2019,11683
37,2,2019,12371
38,2,2019,13618
39,2,2019,21297
40,2,2019,6027
41,2,2019,65291
42,2,2019,3075
43,2,2019,9324
44,2,2019,5015
45,2,2019,32859
46,2,2019,92093
47,2,2019,25077
48,2,2019,7112
49,2,2019,6700
50,2,2019,39771
51,2,2019,6748
52,2,2019,3368
1,9,2019,28836
2,9,2019,140
3,9,2019,2923
4,9,2019,190
5,9,2019,80
6,9,2019,198
7,9,2019,20630
8,9,2019,519554
9,9,2019,451
10,9,2019,145
11,9,2019,423
12,9,2019,2792
13,9,2019,131
14,9,2019,230
15,9,2019,76259
16,9,2019,79
17,9,2019,72040
18,9,2019,347
19,9,2019,175
20,9,2019,109252
21,9,2019,157
22,9,2019,449
23,9,2019,179
24,9,2019,283
25,9,2019,53508
26,9,2019,329
27,9,2019,19152
28,9,2019,5555
29,9,2019,553
30,9,2019,485
31,9,2019,54308
32,9,2019,16341
33,9,2019,1886
34,9,2019,92
35,9,2019,1330
36,9,2019,59917
37,9,2019,156
38,9,2019,1129
39,9,2019,630
40,9,2019,90
41,9,2019,749
42,9,2019,58
43,9,2019,87908
44,9,2019,174
45,9,2019,238
46,9,2019,6644
47,9,2019,305
48,9,2019,108453
49,9,2019,80
50,9,2019,1178
51,9,2019,26
52,9,2019,12
1,9,2019,794
2,9,2019,121
3,9,2019,1711
4,9,2019,188
5,9,2019,56
6,9,2019,222
7,9,2019,10672
8,9,2019,654777
9,9,2019,139
10,9,2019,88
11,9,2019,495
12,9,2019,1684
13,9,2019,102
14,9,2019,222
15,9,2019,841
16,9,2019,86
17,9,2019,150197
18,9,2019,270
19,9,2019,83
20,9,2019,2183
21,9,2019,103
22,9,2019,468
23,9,2019,109
24,9,2019,199
25,9,2019,81632
26,9,2019,167
27,9,2019,237
28,9,2019,2780
29,9,2019,394
30,9,2019,386
31,9,2019,1331
32,9,2019,236
33,9,2019,567
34,9,2019,38
35,9,2019,992
36,9,2019,643
37,9,2019,136
38,9,2019,820
39,9,2019,254
40,9,2019,52
41,9,2019,511
42,9,2019,32
43,9,2019,99528
44,9,2019,131
45,9,2019,172
46,9,2019,3479
47,9,2019,166
48,9,2019,2070
49,9,2019,47
50,9,2019,528
51,9,2019,16
52,9,2019,30
1,8,2019,40808
2,8,2019,58
3,8,2019,460
4,8,2019,70
5,8,2019,36
6,8,2019,417
7,8,2019,16117
8,8,2019,3468
9,8,2019,597
10,8,2019,353
11,8,2019,483
12,8,2019,254
13,8,2019,72
14,8,2019,540
15,8,2019,2785
16,8,2019,27
17,8,2019,177
18,8,2019,405
19,8,2019,47
20,8,2019,112459
21,8,2019,187
22,8,2019,34
23,8,2019,75
24,8,2019,78
25,8,2019,150
26,8,2019,194
27,8,2019,1010
28,8,2019,2439
29,8,2019,554
30,8,2019,649
31,8,2019,27146
32,8,2019,798
33,8,2019,325
34,8,2019,35
35,8,2019,67988
36,8,2019,1767
37,8,2019,68
38,8,2019,117630
39,8,2019,773
40,8,2019,34
41,8,2019,623
42,8,2019,24
43,8,2019,196
44,8,2019,35
45,8,2019,587
46,8,2019,1296
47,8,2019,104
48,8,2019,226853
49,8,2019,182
50,8,2019,184
51,8,2019,98
52,8,2019,13
1,12,2019,149
2,12,2019,216
3,12,2019,37199
4,12,2019,153
5,12,2019,54
6,12,2019,176
7,12,2019,12606
8,12,2019,3016
9,12,2019,183
10,12,2019,91
11,12,2019,619
12,12,2019,19627
13,12,2019,118
14,12,2019,277
15,12,2019,6467
16,12,2019,72
17,12,2019,265
18,12,2019,371
19,12,2019,135
20,12,2019,254
21,12,2019,203
22,12,2019,1819
23,12,2019,162
24,12,2019,179
25,12,2019,149
26,12,2019,124
27,12,2019,2127
28,12,2019,4401
29,12,2019,641
30,12,2019,512
31,12,2019,340
32,12,2019,1562
33,12,2019,441
34,12,2019,118
35,12,2019,34935
36,12,2019,5160
37,12,2019,114
38,12,2019,3346
39,12,2019,292
40,12,2019,69
41,12,2019,1073
42,12,2019,29
43,12,2019,445
44,12,2019,1314
45,12,2019,183
46,12,2019,136527
47,12,2019,218
48,12,2019,441
49,12,2019,55
50,12,2019,10088
51,12,2019,1260
52,12,2019,5905
1,13,2019,1626
2,13,2019,2288
3,13,2019,11790
4,13,2019,3377
5,13,2019,759
6,13,2019,2640
7,13,2019,6795
8,13,2019,38410
9,13,2019,1935
10,13,2019,1771
11,13,2019,9342
12,13,2019,3315
13,13,2019,2411
14,13,2019,4315
15,13,2019,7020
16,13,2019,879
17,13,2019,3836
18,13,2019,5600
19,13,2019,1779
20,13,2019,2635
21,13,2019,3066
22,13,2019,1089
23,13,2019,3436
24,13,2019,2528
25,13,2019,1543
26,13,2019,1345
27,13,2019,1639
28,13,2019,50146
29,13,2019,12214
30,13,2019,9079
31,13,2019,3507
32,13,2019,1825
33,13,2019,5977
34,13,2019,717
35,13,2019,6865
36,13,2019,7349
37,13,2019,1213
38,13,2019,7959
39,13,2019,4255
40,13,2019,751
41,13,2019,13222
42,13,2019,298
43,13,2019,4988
44,13,2019,540
45,13,2019,3602
46,13,2019,19088
47,13,2019,2581
48,13,2019,5025
49,13,2019,700
50,13,2019,5094
51,13,2019,313
52,13,2019,330
1,9,2019,666
2,9,2019,497
3,9,2019,2923
4,9,2019,540
5,9,2019,204
6,9,2019,509
7,9,2019,1821
8,9,2019,9495
9,9,2019,751
10,9,2019,365
11,9,2019,1508
12,9,2019,755
13,9,2019,422
14,9,2019,733
15,9,2019,1758
16,9,2019,170
17,9,2019,798
18,9,2019,1312
19,9,2019,317
20,9,2019,1070
21,9,2019,449
22,9,2019,399
23,9,2019,506
24,9,2019,642
25,9,2019,385
26,9,2019,668
27,9,2019,503
28,9,2019,9429
29,9,2019,1822
30,9,2019,1703
31,9,2019,1939
32,9,2019,540
33,9,2019,1231
34,9,2019,204
35,9,2019,1644
36,9,2019,1221
37,9,2019,499
38,9,2019,1674
39,9,2019,949
40,9,2019,463
41,9,2019,1908
42,9,2019,111
43,9,2019,918
44,9,2019,131
45,9,2019,562
46,9,2019,3669
47,9,2019,653
48,9,2019,1540
49,9,2019,279
50,9,2019,1299
51,9,2019,141
52,9,2019,281
1,9,2019,438
2,9,2019,493
3,9,2019,2916
4,9,2019,326
5,9,2019,167
6,9,2019,539
7,9,2019,956
8,9,2019,5628
9,9,2019,444
10,9,2019,320
11,9,2019,1966
12,9,2019,381
13,9,2019,778
14,9,2019,505
15,9,2019,1727
16,9,2019,93
17,9,2019,434
18,9,2019,1210
19,9,2019,334
20,9,2019,610
21,9,2019,426
22,9,2019,345
23,9,2019,464
24,9,2019,355
25,9,2019,227
26,9,2019,331
27,9,2019,394
28,9,2019,6255
29,9,2019,1281
30,9,2019,1441
31,9,2019,1079
32,9,2019,545
33,9,2019,1505
34,9,2019,138
35,9,2019,1749
36,9,2019,1294
37,9,2019,354
38,9,2019,1442
39,9,2019,796
40,9,2019,102
41,9,2019,1643
42,9,2019,85
43,9,2019,712
44,9,2019,102
45,9,2019,509
46,9,2019,2414
47,9,2019,478
48,9,2019,1007
49,9,2019,375
50,9,2019,1110
51,9,2019,50
52,9,2019,330
1,9,2019,128
2,9,2019,299
3,9,2019,1366
4,9,2019,642
5,9,2019,145
6,9,2019,424
7,9,2019,852
8,9,2019,2253
9,9,2019,261
10,9,2019,345
11,9,2019,1089
12,9,2019,387
13,9,2019,365
14,9,2019,527
15,9,2019,713
16,9,2019,128
17,9,2019,226
18,9,2019,761
19,9,2019,187
20,9,2019,166
21,9,2019,428
22,9,2019,182
23,9,2019,496
24,9,2019,282
25,9,2019,119
26,9,2019,249
27,9,2019,140
28,9,2019,6645
29,9,2019,1044
30,9,2019,1333
31,9,2019,403
32,9,2019,154
33,9,2019,1273
34,9,2019,130
35,9,2019,678
36,9,2019,545
37,9,2019,230
38,9,2019,468
39,9,2019,449
40,9,2019,130
41,9,2019,1525
42,9,2019,49
43,9,2019,281
44,9,2019,86
45,9,2019,417
46,9,2019,1483
47,9,2019,405
48,9,2019,388
49,9,2019,144
50,9,2019,683
51,9,2019,54
52,9,2019,26
1,9,2019,478
2,9,2019,227
3,9,2019,900
4,9,2019,320
5,9,2019,116
6,9,2019,477
7,9,2019,691
8,9,2019,3596
9,9,2019,487
10,9,2019,352
11,9,2019,722
12,9,2019,323
13,9,2019,324
14,9,2019,463
15,9,2019,853
16,9,2019,136
17,9,2019,387
18,9,2019,522
19,9,2019,127
20,9,2019,390
21,9,2019,284
22,9,2019,230
23,9,2019,367
24,9,2019,284
25,9,2019,230
26,9,2019,252
27,9,2019,247
28,9,2019,4079
29,9,2019,761
30,9,2019,746
31,9,2019,901
32,9,2019,229
33,9,2019,615
34,9,2019,117
35,9,2019,751
36,9,2019,624
37,9,2019,202
38,9,2019,658
39,9,2019,425
40,9,2019,101
41,9,2019,894
42,9,2019,70
43,9,2019,398
44,9,2019,112
45,9,2019,304
46,9,2019,1384
47,9,2019,284
48,9,2019,680
49,9,2019,118
50,9,2019,555
51,9,2019,16
52,9,2019,34
1,9,2019,211
2,9,2019,249
3,9,2019,1037
4,9,2019,292
5,9,2019,125
6,9,2019,446
7,9,2019,410
8,9,2019,3704
9,9,2019,320
10,9,2019,405
11,9,2019,1035
12,9,2019,278
13,9,2019,199
14,9,2019,960
15,9,2019,826
16,9,2019,87
17,9,2019,384
18,9,2019,818
19,9,2019,127
20,9,2019,382
21,9,2019,245
22,9,2019,184
23,9,2019,519
24,9,2019,311
25,9,2019,261
26,9,2019,261
27,9,2019,274
28,9,2019,2825
29,9,2019,1037
30,9,2019,761
31,9,2019,465
32,9,2019,208
33,9,2019,906
34,9,2019,90
35,9,2019,663
36,9,2019,652
37,9,2019,143
38,9,2019,534
39,9,2019,650
40,9,2019,88
41,9,2019,1277
42,9,2019,69
43,9,2019,445
44,9,2019,89
45,9,2019,380
46,9,2019,1252
47,9,2019,339
48,9,2019,588
49,9,2019,104
50,9,2019,599
51,9,2019,30
52,9,2019,27
1,9,2019,97
2,9,2019,118
3,9,2019,907
4,9,2019,170
5,9,2019,215
6,9,2019,447
7,9,2019,922
8,9,2019,1323
9,9,2019,176
10,9,2019,497
11,9,2019,421
12,9,2019,161
13,9,2019,125
14,9,2019,263
15,9,2019,594
16,9,2019,56
17,9,2019,99
18,9,2019,453
19,9,2019,116
20,9,2019,137
21,9,2019,179
22,9,2019,84
23,9,2019,333
24,9,2019,428
25,9,2019,46
26,9,2019,116
27,9,2019,149
28,9,2019,7320
29,9,2019,548
30,9,2019,366
31,9,2019,234
32,9,2019,120
33,9,2019,1867
34,9,2019,62
35,9,2019,371
36,9,2019,428
37,9,2019,133
38,9,2019,297
39,9,2019,276
40,9,2019,112
41,9,2019,2155
42,9,2019,36
43,9,2019,146
44,9,2019,60
45,9,2019,359
46,9,2019,911
47,9,2019,244
48,9,2019,245
49,9,2019,71
50,9,2019,361
51,9,2019,19
52,9,2019,12
1,9,2019,30
2,9,2019,22
3,9,2019,187
4,9,2019,269
5,9,2019,27
6,9,2019,58
7,9,2019,235
8,9,2019,824
9,9,2019,39
10,9,2019,32
11,9,2019,7621
12,9,2019,73
13,9,2019,52
14,9,2019,914
15,9,2019,151
16,9,2019,19
17,9,2019,166
18,9,2019,1294
19,9,2019,41
20,9,2019,67
21,9,2019,1360
22,9,2019,20
23,9,2019,994
24,9,2019,30
25,9,2019,68
26,9,2019,23
27,9,2019,64
28,9,2019,771
29,9,2019,2046
30,9,2019,148
31,9,2019,112
32,9,2019,42
33,9,2019,76
34,9,2019,18
35,9,2019,161
36,9,2019,117
37,9,2019,43
38,9,2019,104
39,9,2019,92
40,9,2019,10
41,9,2019,4904
42,9,2019,13
43,9,2019,135
44,9,2019,12
45,9,2019,59
46,9,2019,181
47,9,2019,33
48,9,2019,70
49,9,2019,27
50,9,2019,68
51,9,2019,13
52,9,2019,8
1,9,2019,252
2,9,2019,186
3,9,2019,305
4,9,2019,176
5,9,2019,82
6,9,2019,500
7,9,2019,314
8,9,2019,2340
9,9,2019,280
10,9,2019,138
11,9,2019,505
12,9,2019,145
13,9,2019,153
14,9,2019,354
15,9,2019,380
16,9,2019,84
17,9,2019,145
18,9,2019,638
19,9,2019,137
20,9,2019,188
21,9,2019,215
22,9,2019,83
23,9,2019,211
24,9,2019,234
25,9,2019,92
26,9,2019,165
27,9,2019,106
28,9,2019,4788
29,9,2019,498
30,9,2019,492
31,9,2019,604
32,9,2019,275
33,9,2019,415
34,9,2019,84
35,9,2019,624
36,9,2019,410
37,9,2019,174
38,9,2019,429
39,9,2019,304
40,9,2019,83
41,9,2019,1187
42,9,2019,41
43,9,2019,338
44,9,2019,75
45,9,2019,258
46,9,2019,971
47,9,2019,238
48,9,2019,494
49,9,2019,81
50,9,2019,392
51,9,2019,41
52,9,2019,23
1,9,2019,178
2,9,2019,166
3,9,2019,489
4,9,2019,168
5,9,2019,87
6,9,2019,321
7,9,2019,332
8,9,2019,2014
9,9,2019,290
10,9,2019,209
11,9,2019,461
12,9,2019,149
13,9,2019,182
14,9,2019,539
15,9,2019,526
16,9,2019,64
17,9,2019,274
18,9,2019,423
19,9,2019,141
20,9,2019,249
21,9,2019,196
22,9,2019,113
23,9,2019,280
24,9,2019,334
25,9,2019,134
26,9,2019,179
27,9,2019,148
28,9,2019,2757
29,9,2019,559
30,9,2019,459
31,9,2019,369
32,9,2019,145
33,9,2019,1071
34,9,2019,86
35,9,2019,315
36,9,2019,500
37,9,2019,155
38,9,2019,262
39,9,2019,499
40,9,2019,86
41,9,2019,749
42,9,2019,75
43,9,2019,284
44,9,2019,51
45,9,2019,231
46,9,2019,587
47,9,2019,269
48,9,2019,356
49,9,2019,95
50,9,2019,412
51,9,2019,14
52,9,2019,14
1,9,2019,132
2,9,2019,105
3,9,2019,427
4,9,2019,124
5,9,2019,62
6,9,2019,141
7,9,2019,379
8,9,2019,3817
9,9,2019,162
10,9,2019,137
11,9,2019,293
12,9,2019,180
13,9,2019,121
14,9,2019,159
15,9,2019,525
16,9,2019,45
17,9,2019,498
18,9,2019,206
19,9,2019,80
20,9,2019,197
21,9,2019,136
22,9,2019,120
23,9,2019,119
24,9,2019,166
25,9,2019,259
26,9,2019,135
27,9,2019,130
28,9,2019,2216
29,9,2019,403
30,9,2019,408
31,9,2019,310
32,9,2019,141
33,9,2019,304
34,9,2019,53
35,9,2019,266
36,9,2019,411
37,9,2019,124
38,9,2019,267
39,9,2019,251
40,9,2019,50
41,9,2019,445
42,9,2019,47
43,9,2019,427
44,9,2019,44
45,9,2019,117
46,9,2019,634
47,9,2019,196
48,9,2019,304
49,9,2019,83
50,9,2019,335
51,9,2019,12
52,9,2019,15
1,9,2019,97
2,9,2019,539
3,9,2019,553
4,9,2019,118
5,9,2019,82
6,9,2019,397
7,9,2019,213
8,9,2019,1693
9,9,2019,131
10,9,2019,199
11,9,2019,374
12,9,2019,312
13,9,2019,191
14,9,2019,140
15,9,2019,383
16,9,2019,160
17,9,2019,144
18,9,2019,909
19,9,2019,60
20,9,2019,614
21,9,2019,298
22,9,2019,56
23,9,2019,123
24,9,2019,101
25,9,2019,58
26,9,2019,60
27,9,2019,37
28,9,2019,1918
29,9,2019,250
30,9,2019,572
31,9,2019,364
32,9,2019,129
33,9,2019,187
34,9,2019,35
35,9,2019,227
36,9,2019,332
37,9,2019,80
38,9,2019,175
39,9,2019,194
40,9,2019,386
41,9,2019,268
42,9,2019,31
43,9,2019,215
44,9,2019,14
45,9,2019,742
46,9,2019,379
47,9,2019,258
48,9,2019,470
49,9,2019,74
50,9,2019,128
51,9,2019,18
52,9,2019,96
1,9,2019,16
2,9,2019,50
3,9,2019,322
4,9,2019,70
5,9,2019,25
6,9,2019,174
7,9,2019,175
8,9,2019,620
9,9,2019,115
10,9,2019,128
11,9,2019,283
12,9,2019,70
13,9,2019,67
14,9,2019,135
15,9,2019,227
16,9,2019,38
17,9,2019,124
18,9,2019,161
19,9,2019,49
20,9,2019,43
21,9,2019,125
22,9,2019,36
23,9,2019,85
24,9,2019,114
25,9,2019,41
26,9,2019,32
27,9,2019,116
28,9,2019,1138
29,9,2019,273
30,9,2019,316
31,9,2019,227
32,9,2019,133
33,9,2019,6053
34,9,2019,37
35,9,2019,400
36,9,2019,174
37,9,2019,123
38,9,2019,214
39,9,2019,133
40,9,2019,36
41,9,2019,330
42,9,2019,21
43,9,2019,102
44,9,2019,10
45,9,2019,130
46,9,2019,292
47,9,2019,104
48,9,2019,118
49,9,2019,81
50,9,2019,240
51,9,2019,10
52,9,2019,11
1,9,2019,79
2,9,2019,55
3,9,2019,378
4,9,2019,148
5,9,2019,48
6,9,2019,200
7,9,2019,207
8,9,2019,1533
9,9,2019,148
10,9,2019,103
11,9,2019,471
12,9,2019,84
13,9,2019,92
14,9,2019,389
15,9,2019,282
16,9,2019,45
17,9,2019,135
18,9,2019,259
19,9,2019,58
20,9,2019,127
21,9,2019,113
22,9,2019,47
23,9,2019,159
24,9,2019,124
25,9,2019,93
26,9,2019,90
27,9,2019,82
28,9,2019,1717
29,9,2019,374
30,9,2019,583
31,9,2019,461
32,9,2019,59
33,9,2019,743
34,9,2019,53
35,9,2019,255
36,9,2019,187
37,9,2019,93
38,9,2019,189
39,9,2019,248
40,9,2019,77
41,9,2019,745
42,9,2019,16
43,9,2019,181
44,9,2019,47
45,9,2019,123
46,9,2019,513
47,9,2019,192
48,9,2019,183
49,9,2019,59
50,9,2019,296
51,9,2019,13
52,9,2019,19
1,9,2019,170
2,9,2019,219
3,9,2019,1799
4,9,2019,60
5,9,2019,29
6,9,2019,127
7,9,2019,528
8,9,2019,711
9,9,2019,126
10,9,2019,312
11,9,2019,235
12,9,2019,59
13,9,2019,78
14,9,2019,99
15,9,2019,239
16,9,2019,20
17,9,2019,135
18,9,2019,123
19,9,2019,94
20,9,2019,192
21,9,2019,65
22,9,2019,28
23,9,2019,104
24,9,2019,124
25,9,2019,34
26,9,2019,30
27,9,2019,61
28,9,2019,849
29,9,2019,375
30,9,2019,499
31,9,2019,331
32,9,2019,71
33,9,2019,166
34,9,2019,29
35,9,2019,540
36,9,2019,175
37,9,2019,257
38,9,2019,290
39,9,2019,236
40,9,2019,26
41,9,2019,469
42,9,2019,21
43,9,2019,107
44,9,2019,21
45,9,2019,159
46,9,2019,1605
47,9,2019,106
48,9,2019,124
49,9,2019,39
50,9,2019,79
51,9,2019,7
52,9,2019,9
1,9,2019,94
2,9,2019,28
3,9,2019,302
4,9,2019,37
5,9,2019,40
6,9,2019,1382
7,9,2019,142
8,9,2019,1003
9,9,2019,55
10,9,2019,2480
11,9,2019,192
12,9,2019,62
13,9,2019,86
14,9,2019,53
15,9,2019,148
16,9,2019,14
17,9,2019,107
18,9,2019,82
19,9,2019,48
20,9,2019,71
21,9,2019,49
22,9,2019,49
23,9,2019,65
24,9,2019,55
25,9,2019,51
26,9,2019,106
27,9,2019,44
28,9,2019,2224
29,9,2019,133
30,9,2019,245
31,9,2019,100
32,9,2019,29
33,9,2019,97
34,9,2019,20
35,9,2019,173
36,9,2019,130
37,9,2019,84
38,9,2019,218
39,9,2019,95
40,9,2019,22
41,9,2019,211
42,9,2019,13
43,9,2019,160
44,9,2019,13
45,9,2019,204
46,9,2019,328
47,9,2019,35
48,9,2019,116
49,9,2019,26
50,9,2019,164
51,9,2019,6
52,9,2019,204
1,9,2019,24
2,9,2019,105
3,9,2019,345
4,9,2019,198
5,9,2019,75
6,9,2019,149
7,9,2019,213
8,9,2019,868
9,9,2019,118
10,9,2019,85
11,9,2019,218
12,9,2019,146
13,9,2019,100
14,9,2019,170
15,9,2019,221
16,9,2019,56
17,9,2019,104
18,9,2019,200
19,9,2019,144
20,9,2019,49
21,9,2019,92
22,9,2019,68
23,9,2019,171
24,9,2019,182
25,9,2019,56
26,9,2019,87
27,9,2019,74
28,9,2019,3029
29,9,2019,311
30,9,2019,362
31,9,2019,119
32,9,2019,71
33,9,2019,252
34,9,2019,49
35,9,2019,224
36,9,2019,149
37,9,2019,87
38,9,2019,179
39,9,2019,195
40,9,2019,52
41,9,2019,413
42,9,2019,32
43,9,2019,151
44,9,2019,60
45,9,2019,301
46,9,2019,537
47,9,2019,208
48,9,2019,159
49,9,2019,51
50,9,2019,309
51,9,2019,7
52,9,2019,17
1,9,2019,219
2,9,2019,68
3,9,2019,238
4,9,2019,71
5,9,2019,43
6,9,2019,112
7,9,2019,390
8,9,2019,1247
9,9,2019,311
10,9,2019,59
11,9,2019,365
12,9,2019,87
13,9,2019,56
14,9,2019,85
15,9,2019,323
16,9,2019,30
17,9,2019,121
18,9,2019,515
19,9,2019,55
20,9,2019,308
21,9,2019,59
22,9,2019,103
23,9,2019,78
24,9,2019,185
25,9,2019,61
26,9,2019,71
27,9,2019,188
28,9,2019,934
29,9,2019,530
30,9,2019,147
31,9,2019,248
32,9,2019,93
33,9,2019,235
34,9,2019,22
35,9,2019,350
36,9,2019,222
37,9,2019,99
38,9,2019,411
39,9,2019,167
40,9,2019,27
41,9,2019,298
42,9,2019,28
43,9,2019,328
44,9,2019,30
45,9,2019,111
46,9,2019,268
47,9,2019,224
48,9,2019,338
49,9,2019,30
50,9,2019,457
51,9,2019,9
52,9,2019,4
1,9,2019,63
2,9,2019,97
3,9,2019,296
4,9,2019,66
5,9,2019,27
6,9,2019,159
7,9,2019,176
8,9,2019,664
9,9,2019,100
10,9,2019,95
11,9,2019,579
12,9,2019,153
13,9,2019,106
14,9,2019,143
15,9,2019,242
16,9,2019,56
17,9,2019,57
18,9,2019,156
19,9,2019,29
20,9,2019,62
21,9,2019,131
22,9,2019,31
23,9,2019,105
24,9,2019,244
25,9,2019,58
26,9,2019,66
27,9,2019,69
28,9,2019,1054
29,9,2019,282
30,9,2019,383
31,9,2019,160
32,9,2019,74
33,9,2019,239
34,9,2019,25
35,9,2019,346
36,9,2019,198
37,9,2019,46
38,9,2019,206
39,9,2019,153
40,9,2019,30
41,9,2019,537
42,9,2019,32
43,9,2019,95
44,9,2019,29
45,9,2019,150
46,9,2019,554
47,9,2019,108
48,9,2019,149
49,9,2019,36
50,9,2019,133
51,9,2019,10
52,9,2019,66
1,9,2019,23
2,9,2019,30
3,9,2019,436
4,9,2019,52
5,9,2019,37
6,9,2019,319
7,9,2019,218
8,9,2019,963
9,9,2019,154
10,9,2019,53
11,9,2019,246
12,9,2019,40
13,9,2019,84
14,9,2019,190
15,9,2019,301
16,9,2019,14
17,9,2019,61
18,9,2019,511
19,9,2019,32
20,9,2019,74
21,9,2019,89
22,9,2019,34
23,9,2019,69
24,9,2019,126
25,9,2019,37
26,9,2019,93
27,9,2019,76
28,9,2019,897
29,9,2019,402
30,9,2019,201
31,9,2019,63
32,9,2019,102
33,9,2019,195
34,9,2019,21
35,9,2019,239
36,9,2019,138
37,9,2019,38
38,9,2019,359
39,9,2019,207
40,9,2019,22
41,9,2019,435
42,9,2019,12
43,9,2019,110
44,9,2019,28
45,9,2019,123
46,9,2019,281
47,9,2019,122
48,9,2019,111
49,9,2019,30
50,9,2019,106
51,9,2019,11
52,9,2019,8
1,9,2019,43
2,9,2019,56
3,9,2019,269
4,9,2019,75
5,9,2019,18
6,9,2019,113
7,9,2019,240
8,9,2019,658
9,9,2019,71
10,9,2019,58
11,9,2019,258
12,9,2019,62
13,9,2019,74
14,9,2019,126
15,9,2019,276
16,9,2019,28
17,9,2019,90
18,9,2019,156
19,9,2019,36
20,9,2019,88
21,9,2019,119
22,9,2019,41
23,9,2019,94
24,9,2019,94
25,9,2019,43
26,9,2019,40
27,9,2019,75
28,9,2019,1414
29,9,2019,303
30,9,2019,229
31,9,2019,183
32,9,2019,78
33,9,2019,186
34,9,2019,34
35,9,2019,297
36,9,2019,224
37,9,2019,61
38,9,2019,175
39,9,2019,178
40,9,2019,35
41,9,2019,267
42,9,2019,12
43,9,2019,89
44,9,2019,13
45,9,2019,89
46,9,2019,263
47,9,2019,87
48,9,2019,189
49,9,2019,36
50,9,2019,126
51,9,2019,10
52,9,2019,10
1,9,2019,56
2,9,2019,39
3,9,2019,342
4,9,2019,67
5,9,2019,31
6,9,2019,86
7,9,2019,180
8,9,2019,902
9,9,2019,37
10,9,2019,54
11,9,2019,167
12,9,2019,49
13,9,2019,44
14,9,2019,81
15,9,2019,216
16,9,2019,15
17,9,2019,69
18,9,2019,67
19,9,2019,22
20,9,2019,55
21,9,2019,64
22,9,2019,39
23,9,2019,46
24,9,2019,36
25,9,2019,57
26,9,2019,54
27,9,2019,49
28,9,2019,1354
29,9,2019,121
30,9,2019,197
31,9,2019,100
32,9,2019,52
33,9,2019,83
34,9,2019,15
35,9,2019,291
36,9,2019,202
37,9,2019,35
38,9,2019,266
39,9,2019,123
40,9,2019,17
41,9,2019,163
42,9,2019,11
43,9,2019,113
44,9,2019,14
45,9,2019,79
46,9,2019,325
47,9,2019,47
48,9,2019,81
49,9,2019,32
50,9,2019,94
51,9,2019,8
52,9,2019,13
1,9,2019,25
2,9,2019,32
3,9,2019,123
4,9,2019,63
5,9,2019,17
6,9,2019,56
7,9,2019,97
8,9,2019,498
9,9,2019,233
10,9,2019,57
11,9,2019,111
12,9,2019,27
13,9,2019,62
14,9,2019,63
15,9,2019,249
16,9,2019,13
17,9,2019,64
18,9,2019,94
19,9,2019,19
20,9,2019,51
21,9,2019,38
22,9,2019,23
23,9,2019,109
24,9,2019,34
25,9,2019,25
26,9,2019,24
27,9,2019,51
28,9,2019,667
29,9,2019,209
30,9,2019,191
31,9,2019,457
32,9,2019,48
33,9,2019,143
34,9,2019,39
35,9,2019,168
36,9,2019,173
37,9,2019,52
38,9,2019,104
39,9,2019,137
40,9,2019,18
41,9,2019,193
42,9,2019,16
43,9,2019,67
44,9,2019,13
45,9,2019,55
46,9,2019,177
47,9,2019,223
48,9,2019,103
49,9,2019,27
50,9,2019,101
51,9,2019,2
52,9,2019,13
1,0,2014,16978
2,0,2014,50549
3,0,2014,173461
4,0,2014,64034
5,0,2014,30668
6,0,2014,83220
7,0,2014,74016
8,0,2014,191901
9,0,2014,51470
10,0,2014,55858
11,0,2014,84780
12,0,2014,64666
13,0,2014,67052
14,0,2014,77049
15,0,2014,129814
16,0,2014,34170
17,0,2014,15680
18,0,2014,89727
19,0,2014,28324
20,0,2014,18678
21,0,2014,37043
22,0,2014,22996
23,0,2014,73560
24,0,2014,60795
25,0,2014,12660
26,0,2014,43892
27,0,2014,55015
28,0,2014,661006
29,0,2014,118294
30,0,2014,158834
31,0,2014,53764
32,0,2014,56876
33,0,2014,90687
34,0,2014,26897
35,0,2014,69530
36,0,2014,113038
37,0,2014,53096
38,0,2014,62945
39,0,2014,74379
40,0,2014,23399
41,0,2014,146668
42,0,2014,13219
43,0,2014,25979
44,0,2014,17087
45,0,2014,88612
46,0,2014,269094
47,0,2014,70931
48,0,2014,41820
49,0,2014,29946
50,0,2014,87751
51,0,2014,6330
52,0,2014,6125
1,1,2014,16115
2,1,2014,41017
3,1,2014,129261
4,1,2014,60005
5,1,2014,12924
6,1,2014,95666
7,1,2014,59357
8,1,2014,288573
9,1,2014,28133
10,1,2014,55851
11,1,2014,110956
12,1,2014,46253
13,1,2014,55838
14,1,2014,99764
15,1,2014,85117
16,1,2014,24544
17,1,2014,23647
18,1,2014,111573
19,1,2014,18795
20,1,2014,32045
21,1,2014,60398
22,1,2014,20295
23,1,2014,108819
24,1,2014,50539
25,1,2014,13363
26,1,2014,27005
27,1,2014,30590
28,1,2014,419022
29,1,2014,139484
30,1,2014,87751
31,1,2014,31045
32,1,2014,29680
33,1,2014,98014
34,1,2014,17765
35,1,2014,62698
36,1,2014,73820
37,1,2014,29099
38,1,2014,63522
39,1,2014,52056
40,1,2014,12647
41,1,2014,246320
42,1,2014,6987
43,1,2014,32956
44,1,2014,12947
45,1,2014,64594
46,1,2014,201554
47,1,2014,48620
48,1,2014,56355
49,1,2014,17497
50,1,2014,78399
51,1,2014,3538
52,1,2014,3511
1,14,2014,6713
2,14,2014,12768
3,14,2014,53141
4,14,2014,13831
5,14,2014,4700
6,14,2014,15469
7,14,2014,23896
8,14,2014,214614
9,14,2014,11568
10,14,2014,9139
11,14,2014,43430
12,14,2014,17490
13,14,2014,15308
14,14,2014,42312
15,14,2014,46865
16,14,2014,5547
17,14,2014,16315
18,14,2014,33738
19,14,2014,8017
20,14,2014,11766
21,14,2014,13977
22,14,2014,6441
23,14,2014,24368
24,14,2014,15758
25,14,2014,9165
26,14,2014,9261
27,14,2014,10630
28,14,2014,232492
29,14,2014,58739
30,14,2014,41257
31,14,2014,20387
32,14,2014,8689
33,14,2014,48641
34,14,2014,6083
35,14,2014,31153
36,14,2014,40005
37,14,2014,8746
38,14,2014,28269
39,14,2014,19246
40,14,2014,4385
41,14,2014,79873
42,14,2014,1872
43,14,2014,18460
44,14,2014,3880
45,14,2014,20164
46,14,2014,109852
47,14,2014,21438
48,14,2014,23685
49,14,2014,5161
50,14,2014,32870
51,14,2014,528
52,14,2014,465
1,15,2014,9433
2,15,2014,10493
3,15,2014,50226
4,15,2014,10282
5,15,2014,3468
6,15,2014,10232
7,15,2014,27794
8,15,2014,98671
9,15,2014,13490
10,15,2014,8522
11,15,2014,38403
12,15,2014,15675
13,15,2014,8842
14,15,2014,15497
15,15,2014,37497
16,15,2014,4113
17,15,2014,5730
18,15,2014,19267
19,15,2014,7431
20,15,2014,15035
21,15,2014,9232
22,15,2014,6847
23,15,2014,11045
24,15,2014,17418
25,15,2014,3049
26,15,2014,8536
27,15,2014,7404
28,15,2014,249559
29,15,2014,34221
30,15,2014,32158
31,15,2014,20039
32,15,2014,6431
33,15,2014,51417
34,15,2014,4353
35,15,2014,39924
36,15,2014,32884
37,15,2014,7425
38,15,2014,22447
39,15,2014,19733
40,15,2014,5364
41,15,2014,51935
42,15,2014,3939
43,15,2014,9646
44,15,2014,3748
45,15,2014,14423
46,15,2014,77770
47,15,2014,16089
48,15,2014,27918
49,15,2014,6814
50,15,2014,33092
51,15,2014,578
52,15,2014,409
1,16,2014,4822
2,16,2014,10657
3,16,2014,49702
4,16,2014,12018
5,16,2014,5459
6,16,2014,13442
7,16,2014,18038
8,16,2014,26072
9,16,2014,12693
10,16,2014,7864
11,16,2014,27014
12,16,2014,14470
13,16,2014,12731
14,16,2014,16391
15,16,2014,15270
16,16,2014,4131
17,16,2014,2008
18,16,2014,21686
19,16,2014,7982
20,16,2014,7000
21,16,2014,8153
22,16,2014,5681
23,16,2014,13582
24,16,2014,12716
25,16,2014,1097
26,16,2014,10252
27,16,2014,3743
28,16,2014,233586
29,16,2014,42734
30,16,2014,40093
31,16,2014,9818
32,16,2014,3502
33,16,2014,22638
34,16,2014,5113
35,16,2014,21088
36,16,2014,12584
37,16,2014,10898
38,16,2014,18144
39,16,2014,17554
40,16,2014,5756
41,16,2014,48882
42,16,2014,2025
43,16,2014,3441
44,16,2014,2900
45,16,2014,15828
46,16,2014,83551
47,16,2014,20743
48,16,2014,13097
49,16,2014,4739
50,16,2014,30581
51,16,2014,1071
52,16,2014,954
1,9,2014,18235
2,9,2014,255
3,9,2014,826
4,9,2014,93
5,9,2014,98
6,9,2014,64
7,9,2014,1304
8,9,2014,376068
9,9,2014,135
10,9,2014,197
11,9,2014,215
12,9,2014,325
13,9,2014,76
14,9,2014,82
15,9,2014,4010
16,9,2014,30
17,9,2014,72559
18,9,2014,185
19,9,2014,41
20,9,2014,58001
21,9,2014,54
22,9,2014,118
23,9,2014,62
24,9,2014,76
25,9,2014,43141
26,9,2014,139
27,9,2014,883
28,9,2014,1446
29,9,2014,336
30,9,2014,261
31,9,2014,5404
32,9,2014,1961
33,9,2014,140
34,9,2014,34
35,9,2014,28649
36,9,2014,2787
37,9,2014,156
38,9,2014,40643
39,9,2014,367
40,9,2014,30
41,9,2014,227
42,9,2014,20
43,9,2014,56950
44,9,2014,23
45,9,2014,274
46,9,2014,1223
47,9,2014,339
48,9,2014,131915
49,9,2014,34
50,9,2014,173
51,9,2014,15
52,9,2014,11
1,17,2014,130
2,17,2014,49
3,17,2014,2343
4,17,2014,67
5,17,2014,27
6,17,2014,63
7,17,2014,19566
8,17,2014,414684
9,17,2014,63
10,17,2014,54
11,17,2014,149
12,17,2014,1700
13,17,2014,50
14,17,2014,66
15,17,2014,485
16,17,2014,24
17,17,2014,77546
18,17,2014,97
19,17,2014,34
20,17,2014,303
21,17,2014,47
22,17,2014,195
23,17,2014,63
24,17,2014,140
25,17,2014,40256
26,17,2014,81
27,17,2014,106
28,17,2014,1718
29,17,2014,198
30,17,2014,201
31,17,2014,393
32,17,2014,107
33,17,2014,142
34,17,2014,31
35,17,2014,368
36,17,2014,356
37,17,2014,53
38,17,2014,290
39,17,2014,99
40,17,2014,25
41,17,2014,192
42,17,2014,6
43,17,2014,61663
44,17,2014,62
45,17,2014,81
46,17,2014,4049
47,17,2014,54
48,17,2014,368
49,17,2014,19
50,17,2014,194
51,17,2014,10
52,17,2014,4
1,10,2014,1218
2,10,2014,3103
3,10,2014,17963
4,10,2014,4450
5,10,2014,1506
6,10,2014,2209
7,10,2014,6181
8,10,2014,130123
9,10,2014,3447
10,10,2014,1632
11,10,2014,6432
12,10,2014,6220
13,10,2014,3449
14,10,2014,3233
15,10,2014,7776
16,10,2014,1013
17,10,2014,8262
18,10,2014,6108
19,10,2014,3251
20,10,2014,1567
21,10,2014,1663
22,10,2014,1918
23,10,2014,2226
24,10,2014,5461
25,10,2014,4137
26,10,2014,2572
27,10,2014,1430
28,10,2014,106170
29,10,2014,11047
30,10,2014,15372
31,10,2014,3809
32,10,2014,1507
33,10,2014,9364
34,10,2014,1296
35,10,2014,4351
36,10,2014,5596
37,10,2014,3561
38,10,2014,3618
39,10,2014,6435
40,10,2014,1226
41,10,2014,11140
42,10,2014,757
43,10,2014,15351
44,10,2014,836
45,10,2014,5041
46,10,2014,26997
47,10,2014,7032
48,10,2014,3432
49,10,2014,1359
50,10,2014,10631
51,10,2014,379
52,10,2014,257
1,18,2014,20759
2,18,2014,96
3,18,2014,671
4,18,2014,143
5,18,2014,55
6,18,2014,131
7,18,2014,923
8,18,2014,5551
9,18,2014,403
10,18,2014,97
11,18,2014,424
12,18,2014,320
13,18,2014,102
14,18,2014,169
15,18,2014,31979
16,18,2014,41
17,18,2014,782
18,18,2014,266
19,18,2014,74
20,18,2014,73765
21,18,2014,100
22,18,2014,174
23,18,2014,140
24,18,2014,209
25,18,2014,393
26,18,2014,212
27,18,2014,8872
28,18,2014,2644
29,18,2014,483
30,18,2014,429
31,18,2014,43060
32,18,2014,7658
33,18,2014,1381
34,18,2014,92
35,18,2014,1515
36,18,2014,31223
37,18,2014,135
38,18,2014,1887
39,18,2014,471
40,18,2014,86
41,18,2014,456
42,18,2014,39
43,18,2014,676
44,18,2014,103
45,18,2014,212
46,18,2014,1279
47,18,2014,244
48,18,2014,82563
49,18,2014,58
50,18,2014,961
51,18,2014,20
52,18,2014,8
1,19,2014,3066
2,19,2014,1663
3,19,2014,27228
4,19,2014,1784
5,19,2014,495
6,19,2014,1254
7,19,2014,5588
8,19,2014,6606
9,19,2014,1646
10,19,2014,1032
11,19,2014,2918
12,19,2014,12665
13,19,2014,1131
14,19,2014,2889
15,19,2014,3166
16,19,2014,553
17,19,2014,399
18,19,2014,3150
19,19,2014,969
20,19,2014,2955
21,19,2014,1019
22,19,2014,3107
23,19,2014,1409
24,19,2014,1212
25,19,2014,253
26,19,2014,1484
27,19,2014,503
28,19,2014,44148
29,19,2014,4883
30,19,2014,3775
31,19,2014,3417
32,19,2014,651
33,19,2014,3594
34,19,2014,475
35,19,2014,2809
36,19,2014,2632
37,19,2014,1456
38,19,2014,2851
39,19,2014,2791
40,19,2014,787
41,19,2014,7390
42,19,2014,209
43,19,2014,632
44,19,2014,1574
45,19,2014,1395
46,19,2014,98595
47,19,2014,2110
48,19,2014,5658
49,19,2014,275
50,19,2014,15944
51,19,2014,1407
52,19,2014,282
1,2,2014,942
2,2,2014,1895
3,2,2014,9142
4,2,2014,1796
5,2,2014,1509
6,2,2014,2422
7,2,2014,4117
8,2,2014,6242
9,2,2014,4419
10,2,2014,1368
11,2,2014,3467
12,2,2014,2506
13,2,2014,1721
14,2,2014,2898
15,2,2014,4222
16,2,2014,844
17,2,2014,392
18,2,2014,5800
19,2,2014,2469
20,2,2014,966
21,2,2014,909
22,2,2014,1098
23,2,2014,1886
24,2,2014,3353
25,2,2014,356
26,2,2014,1586
27,2,2014,581
28,2,2014,80557
29,2,2014,7260
30,2,2014,9859
31,2,2014,3405
32,2,2014,715
33,2,2014,4865
34,2,2014,1449
35,2,2014,2470
36,2,2014,2272
37,2,2014,3347
38,2,2014,2282
39,2,2014,3855
40,2,2014,1209
41,2,2014,8224
42,2,2014,494
43,2,2014,861
44,2,2014,512
45,2,2014,3509
46,2,2014,18177
47,2,2014,7197
48,2,2014,2276
49,2,2014,1019
50,2,2014,9104
51,2,2014,274
52,2,2014,831
1,13,2014,1121
2,13,2014,1392
3,13,2014,7094
4,13,2014,1299
5,13,2014,380
6,13,2014,1499
7,13,2014,4384
8,13,2014,26031
9,13,2014,1089
10,13,2014,1034
11,13,2014,4528
12,13,2014,2210
13,13,2014,1298
14,13,2014,1824
15,13,2014,4106
16,13,2014,377
17,13,2014,2093
18,13,2014,2004
19,13,2014,937
20,13,2014,1644
21,13,2014,1293
22,13,2014,705
23,13,2014,1296
24,13,2014,1602
25,13,2014,935
26,13,2014,853
27,13,2014,1032
28,13,2014,28137
29,13,2014,6138
30,13,2014,5294
31,13,2014,1900
32,13,2014,962
33,13,2014,3765
34,13,2014,432
35,13,2014,4301
36,13,2014,4771
37,13,2014,636
38,13,2014,6231
39,13,2014,2381
40,13,2014,449
41,13,2014,6501
42,13,2014,123
43,13,2014,2977
44,13,2014,328
45,13,2014,2616
46,13,2014,13430
47,13,2014,1804
48,13,2014,3778
49,13,2014,352
50,13,2014,4493
51,13,2014,226
52,13,2014,152
1,9,2014,1022
2,9,2014,744
3,9,2014,3684
4,9,2014,751
5,9,2014,300
6,9,2014,697
7,9,2014,2967
8,9,2014,15536
9,9,2014,970
10,9,2014,855
11,9,2014,2431
12,9,2014,1508
13,9,2014,970
14,9,2014,1664
15,9,2014,3584
16,9,2014,202
17,9,2014,1132
18,9,2014,1553
19,9,2014,441
20,9,2014,2122
21,9,2014,1159
22,9,2014,1006
23,9,2014,937
24,9,2014,1099
25,9,2014,869
26,9,2014,936
27,9,2014,878
28,9,2014,13241
29,9,2014,3093
30,9,2014,3267
31,9,2014,2416
32,9,2014,772
33,9,2014,5276
34,9,2014,784
35,9,2014,2018
36,9,2014,2680
37,9,2014,535
38,9,2014,2794
39,9,2014,1581
40,9,2014,230
41,9,2014,3381
42,9,2014,165
43,9,2014,1844
44,9,2014,525
45,9,2014,863
46,9,2014,7227
47,9,2014,1328
48,9,2014,3941
49,9,2014,291
50,9,2014,6863
51,9,2014,119
52,9,2014,57
1,9,2014,666
2,9,2014,878
3,9,2014,4601
4,9,2014,1117
5,9,2014,296
6,9,2014,892
7,9,2014,2088
8,9,2014,11195
9,9,2014,801
10,9,2014,636
11,9,2014,2180
12,9,2014,2078
13,9,2014,846
14,9,2014,1306
15,9,2014,3034
16,9,2014,292
17,9,2014,762
18,9,2014,1991
19,9,2014,613
20,9,2014,1174
21,9,2014,1359
22,9,2014,516
23,9,2014,885
24,9,2014,1448
25,9,2014,454
26,9,2014,859
27,9,2014,729
28,9,2014,17067
29,9,2014,3696
30,9,2014,2864
31,9,2014,1415
32,9,2014,726
33,9,2014,2151
34,9,2014,456
35,9,2014,2965
36,9,2014,3071
37,9,2014,672
38,9,2014,2144
39,9,2014,1603
40,9,2014,316
41,9,2014,4152
42,9,2014,174
43,9,2014,1259
44,9,2014,289
45,9,2014,1129
46,9,2014,8757
47,9,2014,1380
48,9,2014,2206
49,9,2014,345
50,9,2014,2513
51,9,2014,66
52,9,2014,71
1,9,2014,548
2,9,2014,641
3,9,2014,4279
4,9,2014,957
5,9,2014,210
6,9,2014,948
7,9,2014,4954
8,9,2014,10795
9,9,2014,711
10,9,2014,630
11,9,2014,2909
12,9,2014,2396
13,9,2014,691
14,9,2014,1451
15,9,2014,2091
16,9,2014,330
17,9,2014,535
18,9,2014,2367
19,9,2014,541
20,9,2014,1009
21,9,2014,752
22,9,2014,575
23,9,2014,766
24,9,2014,1029
25,9,2014,275
26,9,2014,631
27,9,2014,413
28,9,2014,16473
29,9,2014,4169
30,9,2014,2469
31,9,2014,1156
32,9,2014,507
33,9,2014,1640
34,9,2014,291
35,9,2014,2243
36,9,2014,1995
37,9,2014,577
38,9,2014,2390
39,9,2014,1187
40,9,2014,276
41,9,2014,5035
42,9,2014,120
43,9,2014,1006
44,9,2014,299
45,9,2014,1090
46,9,2014,6754
47,9,2014,931
48,9,2014,1563
49,9,2014,216
50,9,2014,4167
51,9,2014,76
52,9,2014,51
1,9,2014,19
2,9,2014,25
3,9,2014,329
4,9,2014,2048
5,9,2014,14
6,9,2014,42
7,9,2014,195
8,9,2014,861
9,9,2014,78
10,9,2014,26
11,9,2014,10229
12,9,2014,95
13,9,2014,42
14,9,2014,4498
15,9,2014,83
16,9,2014,15
17,9,2014,116
18,9,2014,3997
19,9,2014,33
20,9,2014,25
21,9,2014,2218
22,9,2014,14
23,9,2014,3523
24,9,2014,23
25,9,2014,34
26,9,2014,25
27,9,2014,33
28,9,2014,598
29,9,2014,5213
30,9,2014,132
31,9,2014,46
32,9,2014,26
33,9,2014,39
34,9,2014,11
35,9,2014,126
36,9,2014,90
37,9,2014,27
38,9,2014,75
39,9,2014,32
40,9,2014,21
41,9,2014,13460
42,9,2014,6
43,9,2014,103
44,9,2014,14
45,9,2014,57
46,9,2014,317
47,9,2014,45
48,9,2014,67
49,9,2014,12
50,9,2014,49
51,9,2014,34
52,9,2014,11
1,9,2014,246
2,9,2014,193
3,9,2014,1369
4,9,2014,265
5,9,2014,107
6,9,2014,301
7,9,2014,780
8,9,2014,9418
9,9,2014,289
10,9,2014,263
11,9,2014,618
12,9,2014,697
13,9,2014,189
14,9,2014,290
15,9,2014,1307
16,9,2014,63
17,9,2014,742
18,9,2014,388
19,9,2014,164
20,9,2014,499
21,9,2014,231
22,9,2014,227
23,9,2014,228
24,9,2014,269
25,9,2014,435
26,9,2014,230
27,9,2014,344
28,9,2014,5142
29,9,2014,898
30,9,2014,601
31,9,2014,767
32,9,2014,363
33,9,2014,524
34,9,2014,94
35,9,2014,501
36,9,2014,1270
37,9,2014,193
38,9,2014,607
39,9,2014,340
40,9,2014,89
41,9,2014,1114
42,9,2014,45
43,9,2014,839
44,9,2014,100
45,9,2014,246
46,9,2014,2477
47,9,2014,360
48,9,2014,730
49,9,2014,88
50,9,2014,843
51,9,2014,25
52,9,2014,14
1,9,2014,145
2,9,2014,128
3,9,2014,811
4,9,2014,176
5,9,2014,83
6,9,2014,180
7,9,2014,372
8,9,2014,1258
9,9,2014,195
10,9,2014,160
11,9,2014,624
12,9,2014,251
13,9,2014,141
14,9,2014,265
15,9,2014,490
16,9,2014,55
17,9,2014,128
18,9,2014,281
19,9,2014,86
20,9,2014,221
21,9,2014,116
22,9,2014,79
23,9,2014,156
24,9,2014,1254
25,9,2014,65
26,9,2014,112
27,9,2014,210
28,9,2014,2939
29,9,2014,569
30,9,2014,542
31,9,2014,231
32,9,2014,161
33,9,2014,15961
34,9,2014,106
35,9,2014,586
36,9,2014,509
37,9,2014,152
38,9,2014,349
39,9,2014,436
40,9,2014,80
41,9,2014,489
42,9,2014,38
43,9,2014,154
44,9,2014,45
45,9,2014,206
46,9,2014,1044
47,9,2014,245
48,9,2014,475
49,9,2014,98
50,9,2014,345
51,9,2014,11
52,9,2014,13
1,9,2014,325
2,9,2014,270
3,9,2014,1299
4,9,2014,234
5,9,2014,97
6,9,2014,263
7,9,2014,739
8,9,2014,3101
9,9,2014,399
10,9,2014,214
11,9,2014,661
12,9,2014,492
13,9,2014,287
14,9,2014,481
15,9,2014,821
16,9,2014,99
17,9,2014,582
18,9,2014,485
19,9,2014,190
20,9,2014,444
21,9,2014,248
22,9,2014,158
23,9,2014,260
24,9,2014,293
25,9,2014,184
26,9,2014,238
27,9,2014,207
28,9,2014,5207
29,9,2014,1829
30,9,2014,919
31,9,2014,907
32,9,2014,172
33,9,2014,551
34,9,2014,121
35,9,2014,856
36,9,2014,807
37,9,2014,201
38,9,2014,764
39,9,2014,414
40,9,2014,128
41,9,2014,1048
42,9,2014,62
43,9,2014,341
44,9,2014,74
45,9,2014,339
46,9,2014,2574
47,9,2014,482
48,9,2014,816
49,9,2014,101
50,9,2014,698
51,9,2014,34
52,9,2014,15
1,9,2014,497
2,9,2014,209
3,9,2014,1424
4,9,2014,179
5,9,2014,88
6,9,2014,189
7,9,2014,618
8,9,2014,3402
9,9,2014,272
10,9,2014,191
11,9,2014,609
12,9,2014,409
13,9,2014,236
14,9,2014,338
15,9,2014,935
16,9,2014,92
17,9,2014,262
18,9,2014,582
19,9,2014,127
20,9,2014,499
21,9,2014,182
22,9,2014,118
23,9,2014,377
24,9,2014,211
25,9,2014,169
26,9,2014,187
27,9,2014,225
28,9,2014,3844
29,9,2014,1016
30,9,2014,1390
31,9,2014,664
32,9,2014,248
33,9,2014,683
34,9,2014,105
35,9,2014,827
36,9,2014,1020
37,9,2014,143
38,9,2014,895
39,9,2014,357
40,9,2014,71
41,9,2014,974
42,9,2014,42
43,9,2014,375
44,9,2014,73
45,9,2014,322
46,9,2014,2849
47,9,2014,398
48,9,2014,1083
49,9,2014,62
50,9,2014,817
51,9,2014,61
52,9,2014,12
1,9,2014,206
2,9,2014,270
3,9,2014,1989
4,9,2014,217
5,9,2014,79
6,9,2014,341
7,9,2014,514
8,9,2014,3310
9,9,2014,263
10,9,2014,171
11,9,2014,614
12,9,2014,524
13,9,2014,236
14,9,2014,702
15,9,2014,993
16,9,2014,84
17,9,2014,322
18,9,2014,604
19,9,2014,134
20,9,2014,302
21,9,2014,229
22,9,2014,140
23,9,2014,334
24,9,2014,350
25,9,2014,182
26,9,2014,278
27,9,2014,227
28,9,2014,3485
29,9,2014,981
30,9,2014,679
31,9,2014,420
32,9,2014,192
33,9,2014,870
34,9,2014,94
35,9,2014,1117
36,9,2014,811
37,9,2014,153
38,9,2014,718
39,9,2014,484
40,9,2014,84
41,9,2014,830
42,9,2014,40
43,9,2014,411
44,9,2014,48
45,9,2014,314
46,9,2014,2165
47,9,2014,294
48,9,2014,630
49,9,2014,84
50,9,2014,431
51,9,2014,28
52,9,2014,22
1,9,2014,194
2,9,2014,187
3,9,2014,1103
4,9,2014,164
5,9,2014,79
6,9,2014,219
7,9,2014,680
8,9,2014,2841
9,9,2014,279
10,9,2014,260
11,9,2014,638
12,9,2014,354
13,9,2014,190
14,9,2014,222
15,9,2014,731
16,9,2014,84
17,9,2014,332
18,9,2014,277
19,9,2014,113
20,9,2014,287
21,9,2014,137
22,9,2014,86
23,9,2014,188
24,9,2014,260
25,9,2014,157
26,9,2014,163
27,9,2014,208
28,9,2014,4725
29,9,2014,640
30,9,2014,626
31,9,2014,450
32,9,2014,161
33,9,2014,424
34,9,2014,114
35,9,2014,997
36,9,2014,719
37,9,2014,125
38,9,2014,634
39,9,2014,441
40,9,2014,71
41,9,2014,829
42,9,2014,36
43,9,2014,328
44,9,2014,70
45,9,2014,331
46,9,2014,1510
47,9,2014,299
48,9,2014,708
49,9,2014,72
50,9,2014,422
51,9,2014,22
52,9,2014,12
1,9,2014,49
2,9,2014,257
3,9,2014,1161
4,9,2014,226
5,9,2014,189
6,9,2014,244
7,9,2014,465
8,9,2014,1489
9,9,2014,179
10,9,2014,156
11,9,2014,371
12,9,2014,479
13,9,2014,283
14,9,2014,359
15,9,2014,327
16,9,2014,136
17,9,2014,194
18,9,2014,444
19,9,2014,209
20,9,2014,61
21,9,2014,144
22,9,2014,110
23,9,2014,258
24,9,2014,210
25,9,2014,88
26,9,2014,144
27,9,2014,122
28,9,2014,4210
29,9,2014,672
30,9,2014,669
31,9,2014,167
32,9,2014,138
33,9,2014,363
34,9,2014,147
35,9,2014,319
36,9,2014,404
37,9,2014,147
38,9,2014,278
39,9,2014,359
40,9,2014,155
41,9,2014,801
42,9,2014,50
43,9,2014,218
44,9,2014,93
45,9,2014,516
46,9,2014,2028
47,9,2014,472
48,9,2014,104
49,9,2014,117
50,9,2014,686
51,9,2014,70
52,9,2014,40
1,9,2014,113
2,9,2014,181
3,9,2014,1098
4,9,2014,180
5,9,2014,109
6,9,2014,149
7,9,2014,412
8,9,2014,2476
9,9,2014,176
10,9,2014,119
11,9,2014,418
12,9,2014,268
13,9,2014,171
14,9,2014,217
15,9,2014,568
16,9,2014,68
17,9,2014,227
18,9,2014,243
19,9,2014,92
20,9,2014,159
21,9,2014,132
22,9,2014,74
23,9,2014,188
24,9,2014,173
25,9,2014,146
26,9,2014,166
27,9,2014,175
28,9,2014,2176
29,9,2014,534
30,9,2014,596
31,9,2014,275
32,9,2014,112
33,9,2014,438
34,9,2014,85
35,9,2014,536
36,9,2014,445
37,9,2014,149
38,9,2014,490
39,9,2014,267
40,9,2014,65
41,9,2014,629
42,9,2014,32
43,9,2014,320
44,9,2014,43
45,9,2014,204
46,9,2014,1215
47,9,2014,317
48,9,2014,381
49,9,2014,84
50,9,2014,306
51,9,2014,16
52,9,2014,12
1,9,2014,82
2,9,2014,106
3,9,2014,562
4,9,2014,86
5,9,2014,57
6,9,2014,113
7,9,2014,446
8,9,2014,1473
9,9,2014,148
10,9,2014,90
11,9,2014,339
12,9,2014,350
13,9,2014,126
14,9,2014,222
15,9,2014,302
16,9,2014,78
17,9,2014,121
18,9,2014,281
19,9,2014,110
20,9,2014,188
21,9,2014,109
22,9,2014,53
23,9,2014,228
24,9,2014,115
25,9,2014,69
26,9,2014,207
27,9,2014,93
28,9,2014,4119
29,9,2014,427
30,9,2014,800
31,9,2014,718
32,9,2014,72
33,9,2014,259
34,9,2014,78
35,9,2014,307
36,9,2014,275
37,9,2014,99
38,9,2014,339
39,9,2014,383
40,9,2014,56
41,9,2014,680
42,9,2014,27
43,9,2014,183
44,9,2014,25
45,9,2014,402
46,9,2014,1301
47,9,2014,306
48,9,2014,310
49,9,2014,47
50,9,2014,378
51,9,2014,18
52,9,2014,11
1,9,2014,52
2,9,2014,155
3,9,2014,835
4,9,2014,160
5,9,2014,107
6,9,2014,132
7,9,2014,262
8,9,2014,1158
9,9,2014,138
10,9,2014,107
11,9,2014,302
12,9,2014,569
13,9,2014,191
14,9,2014,185
15,9,2014,249
16,9,2014,98
17,9,2014,149
18,9,2014,215
19,9,2014,137
20,9,2014,37
21,9,2014,72
22,9,2014,89
23,9,2014,125
24,9,2014,179
25,9,2014,65
26,9,2014,102
27,9,2014,85
28,9,2014,4263
29,9,2014,496
30,9,2014,490
31,9,2014,107
32,9,2014,87
33,9,2014,236
34,9,2014,52
35,9,2014,287
36,9,2014,239
37,9,2014,127
38,9,2014,222
39,9,2014,218
40,9,2014,86
41,9,2014,474
42,9,2014,25
43,9,2014,194
44,9,2014,70
45,9,2014,462
46,9,2014,1831
47,9,2014,281
48,9,2014,89
49,9,2014,96
50,9,2014,434
51,9,2014,27
52,9,2014,31
1,9,2014,138
2,9,2014,107
3,9,2014,856
4,9,2014,124
5,9,2014,61
6,9,2014,153
7,9,2014,424
8,9,2014,1362
9,9,2014,145
10,9,2014,112
11,9,2014,362
12,9,2014,201
13,9,2014,135
14,9,2014,171
15,9,2014,513
16,9,2014,58
17,9,2014,149
18,9,2014,221
19,9,2014,77
20,9,2014,158
21,9,2014,114
22,9,2014,79
23,9,2014,108
24,9,2014,109
25,9,2014,89
26,9,2014,63
27,9,2014,118
28,9,2014,2687
29,9,2014,513
30,9,2014,332
31,9,2014,237
32,9,2014,137
33,9,2014,279
34,9,2014,78
35,9,2014,647
36,9,2014,497
37,9,2014,112
38,9,2014,559
39,9,2014,218
40,9,2014,53
41,9,2014,441
42,9,2014,20
43,9,2014,180
44,9,2014,40
45,9,2014,221
46,9,2014,958
47,9,2014,216
48,9,2014,342
49,9,2014,47
50,9,2014,222
51,9,2014,22
52,9,2014,13
1,9,2014,59
2,9,2014,117
3,9,2014,496
4,9,2014,228
5,9,2014,51
6,9,2014,93
7,9,2014,220
8,9,2014,974
9,9,2014,219
10,9,2014,86
11,9,2014,228
12,9,2014,376
13,9,2014,164
14,9,2014,178
15,9,2014,281
16,9,2014,51
17,9,2014,91
18,9,2014,139
19,9,2014,217
20,9,2014,61
21,9,2014,178
22,9,2014,75
23,9,2014,148
24,9,2014,279
25,9,2014,88
26,9,2014,80
27,9,2014,96
28,9,2014,2337
29,9,2014,254
30,9,2014,466
31,9,2014,151
32,9,2014,88
33,9,2014,302
34,9,2014,73
35,9,2014,273
36,9,2014,250
37,9,2014,107
38,9,2014,226
39,9,2014,183
40,9,2014,83
41,9,2014,311
42,9,2014,116
43,9,2014,161
44,9,2014,58
45,9,2014,231
46,9,2014,920
47,9,2014,444
48,9,2014,144
49,9,2014,62
50,9,2014,355
51,9,2014,17
52,9,2014,19
1,9,2014,39
2,9,2014,47
3,9,2014,588
4,9,2014,133
5,9,2014,39
6,9,2014,70
7,9,2014,151
8,9,2014,469
9,9,2014,51
10,9,2014,37
11,9,2014,128
12,9,2014,390
13,9,2014,52
14,9,2014,93
15,9,2014,164
16,9,2014,14
17,9,2014,52
18,9,2014,394
19,9,2014,32
20,9,2014,66
21,9,2014,69
22,9,2014,87
23,9,2014,150
24,9,2014,44
25,9,2014,35
26,9,2014,42
27,9,2014,53
28,9,2014,615
29,9,2014,225
30,9,2014,144
31,9,2014,78
32,9,2014,43
33,9,2014,78
34,9,2014,23
35,9,2014,229
36,9,2014,174
37,9,2014,40
38,9,2014,211
39,9,2014,82
40,9,2014,24
41,9,2014,197
42,9,2014,14
43,9,2014,98
44,9,2014,47
45,9,2014,49
46,9,2014,4964
47,9,2014,66
48,9,2014,143
49,9,2014,17
50,9,2014,369
51,9,2014,5
52,9,2014,3
1,9,2014,58
2,9,2014,69
3,9,2014,414
4,9,2014,72
5,9,2014,23
6,9,2014,90
7,9,2014,223
8,9,2014,716
9,9,2014,86
10,9,2014,109
11,9,2014,346
12,9,2014,119
13,9,2014,72
14,9,2014,110
15,9,2014,322
16,9,2014,26
17,9,2014,84
18,9,2014,129
19,9,2014,118
20,9,2014,152
21,9,2014,133
22,9,2014,50
23,9,2014,58
24,9,2014,65
25,9,2014,77
26,9,2014,53
27,9,2014,56
28,9,2014,2389
29,9,2014,193
30,9,2014,207
31,9,2014,111
32,9,2014,145
33,9,2014,362
34,9,2014,32
35,9,2014,228
36,9,2014,245
37,9,2014,47
38,9,2014,196
39,9,2014,182
40,9,2014,34
41,9,2014,303
42,9,2014,16
43,9,2014,130
44,9,2014,25
45,9,2014,116
46,9,2014,566
47,9,2014,148
48,9,2014,320
49,9,2014,16
50,9,2014,204
51,9,2014,25
52,9,2014,6
1,9,2014,130
2,9,2014,55
3,9,2014,583
4,9,2014,50
5,9,2014,32
6,9,2014,77
7,9,2014,344
8,9,2014,881
9,9,2014,84
10,9,2014,44
11,9,2014,119
12,9,2014,147
13,9,2014,50
14,9,2014,72
15,9,2014,826
16,9,2014,26
17,9,2014,95
18,9,2014,95
19,9,2014,42
20,9,2014,237
21,9,2014,47
22,9,2014,29
23,9,2014,47
24,9,2014,70
25,9,2014,49
26,9,2014,40
27,9,2014,265
28,9,2014,915
29,9,2014,207
30,9,2014,248
31,9,2014,150
32,9,2014,231
33,9,2014,141
34,9,2014,31
35,9,2014,258
36,9,2014,863
37,9,2014,57
38,9,2014,238
39,9,2014,122
40,9,2014,32
41,9,2014,161
42,9,2014,13
43,9,2014,114
44,9,2014,18
45,9,2014,100
46,9,2014,708
47,9,2014,121
48,9,2014,437
49,9,2014,21
50,9,2014,91
51,9,2014,8
52,9,2014,4
1,9,2014,52
2,9,2014,55
3,9,2014,477
4,9,2014,64
5,9,2014,31
6,9,2014,90
7,9,2014,259
8,9,2014,815
9,9,2014,62
10,9,2014,87
11,9,2014,361
12,9,2014,281
13,9,2014,64
14,9,2014,59
15,9,2014,439
16,9,2014,65
17,9,2014,62
18,9,2014,114
19,9,2014,35
20,9,2014,128
21,9,2014,95
22,9,2014,50
23,9,2014,103
24,9,2014,67
25,9,2014,108
26,9,2014,76
27,9,2014,85
28,9,2014,1577
29,9,2014,343
30,9,2014,284
31,9,2014,150
32,9,2014,100
33,9,2014,239
34,9,2014,24
35,9,2014,340
36,9,2014,327
37,9,2014,114
38,9,2014,246
39,9,2014,147
40,9,2014,31
41,9,2014,276
42,9,2014,23
43,9,2014,104
44,9,2014,17
45,9,2014,108
46,9,2014,597
47,9,2014,75
48,9,2014,174
49,9,2014,25
50,9,2014,139
51,9,2014,6
52,9,2014,4
1,9,2014,65
2,9,2014,79
3,9,2014,579
4,9,2014,66
5,9,2014,27
6,9,2014,86
7,9,2014,319
8,9,2014,816
9,9,2014,71
10,9,2014,61
11,9,2014,204
12,9,2014,137
13,9,2014,83
14,9,2014,91
15,9,2014,288
16,9,2014,35
17,9,2014,81
18,9,2014,170
19,9,2014,56
20,9,2014,98
21,9,2014,70
22,9,2014,29
23,9,2014,88
24,9,2014,95
25,9,2014,45
26,9,2014,61
27,9,2014,82
28,9,2014,1638
29,9,2014,350
30,9,2014,447
31,9,2014,163
32,9,2014,62
33,9,2014,191
34,9,2014,33
35,9,2014,215
36,9,2014,242
37,9,2014,72
38,9,2014,343
39,9,2014,141
40,9,2014,42
41,9,2014,338
42,9,2014,18
43,9,2014,111
44,9,2014,15
45,9,2014,123
46,9,2014,648
47,9,2014,111
48,9,2014,164
49,9,2014,38
50,9,2014,235
51,9,2014,19
52,9,2014,3
1,9,2014,50
2,9,2014,87
3,9,2014,429
4,9,2014,78
5,9,2014,51
6,9,2014,93
7,9,2014,166
8,9,2014,759
9,9,2014,135
10,9,2014,99
11,9,2014,232
12,9,2014,135
13,9,2014,102
14,9,2014,115
15,9,2014,218
16,9,2014,15
17,9,2014,86
18,9,2014,148
19,9,2014,84
20,9,2014,102
21,9,2014,73
22,9,2014,67
23,9,2014,89
24,9,2014,64
25,9,2014,35
26,9,2014,73
27,9,2014,62
28,9,2014,1542
29,9,2014,234
30,9,2014,264
31,9,2014,132
32,9,2014,49
33,9,2014,214
34,9,2014,38
35,9,2014,165
36,9,2014,217
37,9,2014,67
38,9,2014,173
39,9,2014,99
40,9,2014,54
41,9,2014,324
42,9,2014,15
43,9,2014,147
44,9,2014,22
45,9,2014,144
46,9,2014,666
47,9,2014,102
48,9,2014,167
49,9,2014,28
50,9,2014,351
51,9,2014,9
52,9,2014,5
1,9,2014,91
2,9,2014,20
3,9,2014,234
4,9,2014,21
5,9,2014,17
6,9,2014,977
7,9,2014,221
8,9,2014,900
9,9,2014,23
10,9,2014,1444
11,9,2014,94
12,9,2014,64
13,9,2014,34
14,9,2014,53
15,9,2014,129
16,9,2014,11
17,9,2014,95
18,9,2014,39
19,9,2014,44
20,9,2014,110
21,9,2014,54
22,9,2014,29
23,9,2014,26
24,9,2014,25
25,9,2014,28
26,9,2014,35
27,9,2014,26
28,9,2014,2030
29,9,2014,127
30,9,2014,80
31,9,2014,79
32,9,2014,26
33,9,2014,60
34,9,2014,9
35,9,2014,121
36,9,2014,107
37,9,2014,34
38,9,2014,91
39,9,2014,61
40,9,2014,22
41,9,2014,148
42,9,2014,11
43,9,2014,88
44,9,2014,5
45,9,2014,140
46,9,2014,412
47,9,2014,56
48,9,2014,144
49,9,2014,17
50,9,2014,111
51,9,2014,4
52,9,2014,3
1,9,2014,33
2,9,2014,17
3,9,2014,235
4,9,2014,53
5,9,2014,26
6,9,2014,20
7,9,2014,92
8,9,2014,705
9,9,2014,79
10,9,2014,37
11,9,2014,89
12,9,2014,111
13,9,2014,26
14,9,2014,61
15,9,2014,186
16,9,2014,12
17,9,2014,49
18,9,2014,79
19,9,2014,27
20,9,2014,80
21,9,2014,25
22,9,2014,10
23,9,2014,40
24,9,2014,1076
25,9,2014,27
26,9,2014,35
27,9,2014,33
28,9,2014,2033
29,9,2014,76
30,9,2014,157
31,9,2014,124
32,9,2014,24
33,9,2014,196
34,9,2014,41
35,9,2014,184
36,9,2014,132
37,9,2014,434
38,9,2014,237
39,9,2014,86
40,9,2014,25
41,9,2014,232
42,9,2014,10
43,9,2014,76
44,9,2014,13
45,9,2014,100
46,9,2014,454
47,9,2014,174
48,9,2014,216
49,9,2014,358
50,9,2014,130
51,9,2014,5
52,9,2014,3
1,9,2014,60
2,9,2014,24
3,9,2014,185
4,9,2014,63
5,9,2014,17
6,9,2014,66
7,9,2014,85
8,9,2014,340
9,9,2014,332
10,9,2014,34
11,9,2014,81
12,9,2014,58
13,9,2014,32
14,9,2014,117
15,9,2014,316
16,9,2014,13
17,9,2014,52
18,9,2014,132
19,9,2014,40
20,9,2014,43
21,9,2014,38
22,9,2014,14
23,9,2014,185
24,9,2014,32
25,9,2014,20
26,9,2014,27
27,9,2014,63
28,9,2014,922
29,9,2014,198
30,9,2014,186
31,9,2014,657
32,9,2014,63
33,9,2014,183
34,9,2014,44
35,9,2014,270
36,9,2014,163
37,9,2014,34
38,9,2014,150
39,9,2014,208
40,9,2014,30
41,9,2014,410
42,9,2014,6
43,9,2014,67
44,9,2014,14
45,9,2014,56
46,9,2014,217
47,9,2014,307
48,9,2014,81
49,9,2014,39
50,9,2014,109
51,9,2014,5
52,9,2014,6
1,9,2014,44
2,9,2014,21
3,9,2014,158
4,9,2014,35
5,9,2014,16
6,9,2014,1023
7,9,2014,75
8,9,2014,481
9,9,2014,38
10,9,2014,1086
11,9,2014,122
12,9,2014,49
13,9,2014,25
14,9,2014,42
15,9,2014,89
16,9,2014,15
17,9,2014,67
18,9,2014,43
19,9,2014,35
20,9,2014,49
21,9,2014,30
22,9,2014,14
23,9,2014,27
24,9,2014,31
25,9,2014,10
26,9,2014,22
27,9,2014,29
28,9,2014,974
29,9,2014,81
30,9,2014,79
31,9,2014,48
32,9,2014,25
33,9,2014,44
34,9,2014,8
35,9,2014,101
36,9,2014,136
37,9,2014,46
38,9,2014,84
39,9,2014,36
40,9,2014,13
41,9,2014,122
42,9,2014,6
43,9,2014,64
44,9,2014,9
45,9,2014,94
46,9,2014,220
47,9,2014,47
48,9,2014,127
49,9,2014,14
50,9,2014,49
51,9,2014,4
52,9,2014,3
1,9,2014,23
2,9,2014,29
3,9,2014,160
4,9,2014,52
5,9,2014,27
6,9,2014,65
7,9,2014,95
8,9,2014,643
9,9,2014,50
10,9,2014,41
11,9,2014,220
12,9,2014,61
13,9,2014,26
14,9,2014,63
15,9,2014,185
16,9,2014,12
17,9,2014,62
18,9,2014,59
19,9,2014,28
20,9,2014,44
21,9,2014,37
22,9,2014,18
23,9,2014,36
24,9,2014,55
25,9,2014,30
26,9,2014,45
27,9,2014,51
28,9,2014,985
29,9,2014,127
30,9,2014,123
31,9,2014,44
32,9,2014,48
33,9,2014,93
34,9,2014,7
35,9,2014,216
36,9,2014,138
37,9,2014,27
38,9,2014,121
39,9,2014,48
40,9,2014,12
41,9,2014,289
42,9,2014,13
43,9,2014,43
44,9,2014,9
45,9,2014,44
46,9,2014,215
47,9,2014,48
48,9,2014,120
49,9,2014,16
50,9,2014,69
51,9,2014,8
52,9,2014,4
