TH,Cod.Comarca,Cod.Municipio,AMBITO,Censo,Votantes,Nulos,V涇idos,Blancos,Votos Cand.,Abstenciones,PSE-PSOE,PP,EB,CDS,EKA,PH,FE-JONS,POSI,PREPAL,PADE,TC-PNC,DN,FE,ARALAR,PNV...(E04),N.I.V.,CUP,UCL,EA...(E04),NOS-UP,EC,PUM+J,PFYV,PASOC,PCPE-LI.(LIT-CI),CL,P.CANNABIS,CE...(E04),FA,PARADOS,B-GV
ARABA-첿AVA,001,059,VITORIA-GASTEIZ,183426,77805,4839,72966,468,72498,105621,25564,24166,3040,47,9,43,17,70,19,11,24,25,16,609,13728,112,11,11,3736,14,17,131,39,45,43,11,499,26,5,61,349
ARABA-첿AVA,002,001,ALEGR페-DULANTZI,1531,628,66,562,4,558,903,163,110,24,0,0,1,0,0,0,0,0,0,1,9,191,1,0,0,46,0,0,0,0,3,0,0,7,0,0,0,2
ARABA-첿AVA,002,003,ARAMAIO,1245,590,152,438,2,436,655,25,17,13,0,0,0,0,0,0,0,0,0,0,10,193,0,0,0,173,1,0,0,0,0,1,0,2,0,0,0,1
ARABA-첿AVA,002,006,ARMI홥N,142,87,4,83,0,83,55,26,35,3,0,0,0,0,0,0,0,0,0,1,0,17,0,0,0,1,0,0,0,0,0,0,0,0,0,0,0,0
ARABA-첿AVA,002,008,ARRAZUA-UBARRUNDIA,676,301,40,261,1,260,375,56,58,7,0,0,1,0,0,0,0,0,0,0,13,120,0,0,0,2,0,0,0,0,0,0,0,0,1,0,0,2
ARABA-첿AVA,002,009,ASPARRENA,1335,567,150,417,0,417,768,81,67,19,0,0,2,0,0,2,0,0,0,1,19,166,0,1,0,50,1,1,1,1,3,0,0,0,0,0,0,2
ARABA-첿AVA,002,011,BA헲S DE EBRO / MA헷ETA,274,166,5,161,1,160,108,24,79,0,0,0,0,0,0,0,1,0,0,0,0,53,0,0,0,2,0,0,0,0,1,0,0,0,0,0,0,0
ARABA-첿AVA,002,013,BARRUNDIA,646,248,45,203,0,203,398,19,37,19,1,1,1,0,0,0,0,0,0,0,5,105,0,0,0,8,0,0,2,0,0,2,0,2,0,0,0,1
ARABA-첿AVA,002,014,BERANTEVILLA,414,220,8,212,1,211,194,25,79,5,1,0,1,0,0,0,0,0,0,0,0,90,0,0,0,7,0,0,0,0,0,0,0,2,0,0,1,0
ARABA-첿AVA,002,016,BERNEDO,494,193,18,175,1,174,301,22,61,2,0,0,0,0,0,0,0,0,0,0,1,71,0,0,0,13,0,0,1,0,0,0,0,1,0,0,0,2
ARABA-첿AVA,002,017,CAMPEZO / KANPEZU,920,455,60,395,1,394,465,69,121,18,0,0,0,0,0,0,0,0,0,0,4,162,0,0,0,15,0,0,0,0,1,1,0,3,0,0,0,0
ARABA-첿AVA,002,018,ZIGOITIA,1122,509,99,410,7,403,613,81,62,18,0,0,0,0,0,0,0,0,0,0,4,159,0,0,0,69,0,0,0,0,0,2,0,6,0,0,0,2
ARABA-첿AVA,002,019,KRIPAN,158,97,5,92,2,90,61,4,22,0,0,0,0,0,0,0,0,0,0,0,0,63,0,0,0,0,0,0,0,0,0,0,0,0,1,0,0,0
ARABA-첿AVA,002,020,KUARTANGO,328,161,21,140,0,140,167,7,20,3,0,0,0,0,0,1,0,0,0,0,4,98,1,0,0,4,0,0,0,0,0,0,0,1,1,0,0,0
ARABA-첿AVA,002,021,ELBURGO / BURGELU,363,152,15,137,0,137,211,26,44,5,0,0,0,0,0,0,0,0,0,0,0,49,0,0,0,10,0,0,0,0,0,0,0,1,0,0,0,2
ARABA-첿AVA,002,022,ELCIEGO,815,513,12,501,2,499,302,203,180,19,0,0,0,0,0,0,0,0,0,0,1,66,2,0,0,23,1,0,0,0,0,0,0,2,0,1,0,1
ARABA-첿AVA,002,023,ELVILLAR / BILAR,310,172,8,164,1,163,138,23,69,5,0,0,0,0,0,0,0,0,0,0,0,60,0,0,0,3,0,0,0,0,0,0,0,2,0,0,0,1
ARABA-첿AVA,002,027,IRURAIZ-GAUNA,403,170,35,135,1,134,233,12,38,2,0,0,1,0,0,0,0,0,0,0,5,68,0,0,0,5,0,0,2,0,0,0,0,0,0,0,0,1
ARABA-첿AVA,002,028,LABASTIDA / BASTIDA,1074,564,35,529,4,525,510,125,220,28,0,0,0,0,1,0,0,0,2,0,2,104,0,0,0,36,0,0,1,1,1,0,0,4,0,0,0,0
ARABA-첿AVA,002,030,LAGR쳁,184,109,1,108,1,107,75,14,51,0,0,0,0,0,0,0,0,0,0,0,1,36,0,0,0,4,0,0,0,1,0,0,0,0,0,0,0,0
ARABA-첿AVA,002,031,LAGUARDIA,1239,729,18,711,4,707,510,125,370,7,0,0,1,1,0,0,0,0,2,0,1,170,0,0,0,26,0,0,1,0,1,1,0,1,0,0,0,0
ARABA-첿AVA,002,032,LANCIEGO / LANTZIEGO,537,304,8,296,0,296,233,73,99,5,0,0,0,0,0,0,0,0,0,0,0,106,0,0,1,5,0,0,0,0,0,0,0,5,1,0,1,0
ARABA-첿AVA,002,033,LAPUEBLA DE LABARCA,706,463,8,455,1,454,243,94,120,3,0,0,0,0,0,0,0,0,0,0,0,213,0,0,0,22,0,0,0,0,0,0,0,2,0,0,0,0
ARABA-첿AVA,002,034,LEZA,180,115,6,109,0,109,65,20,19,3,0,0,0,1,0,0,0,0,0,0,1,41,0,0,0,19,0,0,0,0,0,0,0,4,0,0,0,1
ARABA-첿AVA,002,037,ARRAIA-MAEZTU,644,262,27,235,5,230,382,36,67,9,0,0,0,0,0,0,0,0,0,0,0,105,0,0,0,12,0,0,0,0,0,0,0,0,0,0,0,1
ARABA-첿AVA,002,039,MOREDA DE 첿AVA,233,161,1,160,0,160,72,68,48,2,0,0,0,0,0,0,0,0,0,0,0,36,1,0,0,2,0,0,0,0,0,0,0,3,0,0,0,0
ARABA-첿AVA,002,041,NAVARIDAS,169,115,0,115,0,115,54,12,65,4,0,0,0,1,0,0,0,0,0,0,0,29,0,0,0,3,0,0,0,0,0,0,0,0,0,0,0,1
ARABA-첿AVA,002,043,OY흁-OION,2197,1001,72,929,4,925,1196,284,386,21,0,0,0,0,1,0,0,0,0,2,2,178,0,0,0,33,0,0,0,0,6,1,0,7,0,0,0,4
ARABA-첿AVA,002,044,PE헤CERRADA-URIZAHARRA,232,117,11,106,1,105,115,17,43,4,0,0,0,0,0,0,0,0,0,0,1,32,0,0,0,6,0,0,0,0,0,0,0,2,0,0,0,0
ARABA-첿AVA,002,046,RIBERA ALTA,510,250,19,231,0,231,260,29,92,6,0,0,0,0,0,0,0,0,0,1,0,92,1,0,0,6,1,0,0,0,0,0,0,1,0,0,0,2
ARABA-첿AVA,002,047,RIBERA BAJA / ERRIBERA BEITIA,777,356,6,350,2,348,421,106,133,10,0,0,0,0,0,1,0,1,0,0,1,80,0,1,1,10,0,0,0,0,0,0,0,2,0,0,0,2
ARABA-첿AVA,002,049,A헤NA,172,117,12,105,1,104,55,23,20,3,1,0,0,0,0,0,0,0,0,0,1,51,0,0,0,2,0,0,0,0,0,0,0,1,1,0,0,1
ARABA-첿AVA,002,051,SALVATIERRA / AGURAIN,3358,1249,257,992,7,985,2109,264,189,28,0,0,0,0,2,2,0,0,1,0,12,346,0,0,0,117,1,0,0,1,0,1,0,17,0,0,3,1
ARABA-첿AVA,002,052,SAMANIEGO,252,150,13,137,0,137,102,33,17,6,0,0,1,0,0,0,0,0,0,0,0,73,0,0,0,5,0,0,0,0,0,0,0,1,0,0,0,1
ARABA-첿AVA,002,053,SAN MILL쳁 / DONEMILIAGA,608,197,25,172,1,171,411,16,41,1,0,0,0,0,0,0,0,0,0,0,3,92,1,0,0,9,0,0,0,1,1,0,1,4,0,0,0,1
ARABA-첿AVA,002,054,URKABUSTAIZ,772,372,101,271,1,270,400,43,66,6,0,1,0,0,0,0,0,0,0,0,1,132,2,0,0,17,0,0,0,0,0,0,0,0,0,0,0,2
ARABA-첿AVA,002,055,VALDEGOV페 / GAUBEA,934,476,30,446,1,445,458,79,170,15,0,0,0,0,0,0,0,0,0,0,2,152,0,0,0,14,0,0,0,0,0,1,1,9,0,0,0,2
ARABA-첿AVA,002,056,HARANA / VALLE DE ARANA,294,134,7,127,0,127,160,11,54,0,0,0,0,0,0,0,0,0,0,0,1,57,0,0,0,2,0,0,0,0,0,0,0,1,0,0,0,1
ARABA-첿AVA,002,057,VILLABUENA DE 첿AVA / ESKUERNAGA,275,186,20,166,1,165,89,18,40,3,0,0,0,0,0,0,0,0,0,0,0,90,0,0,0,12,0,0,0,0,0,0,0,1,1,0,0,0
ARABA-첿AVA,002,058,LEGUTIANO,1240,530,132,398,0,398,710,74,45,23,0,0,0,0,0,0,0,0,1,0,4,174,1,0,0,74,0,0,1,0,0,0,0,0,0,0,1,0
ARABA-첿AVA,002,060,Y텎ORA / IEKORA,230,150,1,149,0,149,80,26,76,2,0,0,0,0,0,0,0,0,0,0,0,45,0,0,0,0,0,0,0,0,0,0,0,0,0,0,0,0
ARABA-첿AVA,002,061,ZALDUONDO,136,89,14,75,2,73,47,14,8,5,0,0,0,0,0,0,0,0,0,0,3,37,0,0,0,2,0,0,0,0,0,0,0,4,0,0,0,0
ARABA-첿AVA,002,062,ZAMBRANA,316,185,6,179,0,179,131,29,62,3,0,0,0,0,0,0,0,0,0,0,0,78,0,0,0,2,0,0,0,1,0,0,0,3,0,1,0,0
ARABA-첿AVA,002,063,ZUIA,1704,834,113,721,3,718,870,123,161,21,2,0,1,1,0,0,0,0,0,0,9,319,0,0,0,68,0,1,0,4,0,1,0,3,0,0,0,4
ARABA-첿AVA,002,901,IRU헤 OKA / IRU헤 DE OCA,1709,693,21,672,5,667,1016,262,225,18,0,0,0,0,2,0,0,0,1,0,3,122,0,1,0,19,0,0,0,0,3,1,0,2,2,0,0,6
ARABA-첿AVA,002,902,LANTAR흁,841,413,16,397,2,395,428,95,165,7,0,0,0,0,0,0,0,2,0,0,1,106,2,0,0,10,0,0,0,0,0,0,0,5,0,0,0,2
ARABA-첿AVA,003,002,AMURRIO,8009,3852,434,3418,19,3399,4157,779,578,97,0,0,1,0,3,3,0,1,0,0,51,1374,2,0,0,465,1,0,2,0,2,2,0,22,0,1,2,13
ARABA-첿AVA,003,004,ARTZINIEGA,1184,716,63,653,5,648,468,98,164,12,0,0,0,0,1,0,0,0,0,0,29,287,2,0,0,43,0,0,1,2,0,0,0,2,0,0,1,6
ARABA-첿AVA,003,010,AYALA / AIARA,2055,1098,120,978,7,971,957,94,183,24,0,0,0,0,0,0,0,0,0,0,17,560,2,0,0,84,0,0,0,0,0,0,1,4,0,0,0,2
ARABA-첿AVA,003,036,LAUDIO / LLODIO,16149,7236,1042,6194,39,6155,8913,1785,1243,193,4,1,1,1,6,1,2,5,3,0,54,2394,4,1,1,373,1,0,0,6,2,6,0,38,5,0,6,19
ARABA-첿AVA,003,042,OKONDO,827,458,72,386,0,386,369,19,43,5,0,0,0,0,0,0,0,0,0,0,5,229,0,0,0,79,0,0,3,0,0,1,0,0,1,1,0,0
ARABA-첿AVA,099,999,MUNICIPIO CERA ARABA,3085,571,7,564,2,562,2514,168,166,23,1,0,0,0,1,0,0,0,0,0,2,152,0,0,0,18,0,0,4,2,0,1,3,2,11,0,1,7
GIPUZKOA,001,040,HERNANI,15472,6200,2405,3795,32,3763,9272,1297,531,207,0,1,1,0,1,0,0,0,2,0,124,968,2,0,1,576,0,0,2,2,1,5,0,26,0,0,0,16
GIPUZKOA,001,069,DONOSTIA-SAN SEBASTI쳁,150983,65327,8136,57191,417,56774,85656,16820,15379,2315,21,15,23,8,40,5,12,8,21,8,1033,13392,60,4,1,6653,14,18,56,89,30,26,4,364,25,25,27,278
GIPUZKOA,001,072,URNIETA,4542,1726,304,1422,7,1415,2816,536,204,89,2,1,1,0,1,1,0,0,0,0,22,435,2,1,0,110,0,0,1,0,1,1,0,4,0,0,2,1
GIPUZKOA,001,073,USURBIL,4581,1929,658,1271,9,1262,2652,277,116,45,0,0,0,0,0,0,0,0,0,0,112,436,1,0,0,263,0,0,0,1,0,2,0,7,0,1,0,1
GIPUZKOA,001,902,LASARTE-ORIA,14984,6541,829,5712,31,5681,8443,2795,1004,257,2,0,4,3,2,3,1,0,1,0,74,1066,4,1,1,375,0,2,6,1,2,7,0,41,0,0,2,27
GIPUZKOA,001,903,ASTIGARRAGA,3248,1136,379,757,5,752,2112,132,104,24,0,0,0,0,0,0,0,0,0,0,21,288,0,0,0,174,0,0,1,0,0,0,0,2,3,0,1,2
GIPUZKOA,002,036,HONDARRIBIA,12709,5150,728,4422,29,4393,7559,785,626,161,0,1,1,0,3,1,0,0,0,0,106,2033,6,1,0,601,3,0,3,2,0,6,0,27,1,0,3,23
GIPUZKOA,002,045,IRUN,48157,19887,1392,18495,120,18375,28270,7690,4225,704,11,9,11,4,19,1,2,1,9,0,189,4095,26,2,2,1073,6,3,27,5,15,25,1,112,4,2,14,88
GIPUZKOA,002,053,LEZO,4887,1723,613,1110,9,1101,3164,364,113,60,0,0,3,0,1,0,0,0,0,0,26,362,1,0,0,150,0,0,1,1,0,4,0,7,0,0,0,8
GIPUZKOA,002,063,OIARTZUN,7767,3243,1527,1716,14,1702,4524,185,175,87,0,0,0,0,0,1,0,0,0,0,73,714,0,0,0,448,0,0,0,0,1,1,0,8,1,0,0,8
GIPUZKOA,002,064,PASAIA,13236,5017,1246,3771,20,3751,8219,1333,659,180,1,2,2,0,4,3,0,1,1,1,41,930,3,1,1,515,1,0,2,3,1,7,0,26,4,0,6,23
GIPUZKOA,002,067,ERRENTERIA,32628,12907,2421,10486,67,10419,19721,4816,1717,602,0,2,7,3,10,1,2,3,1,2,118,2123,12,0,0,843,2,0,7,3,6,16,0,77,1,1,14,30
GIPUZKOA,003,001,ABALTZISKETA,229,84,22,62,0,62,145,0,2,3,0,0,0,0,0,0,0,0,0,0,8,43,0,0,0,6,0,0,0,0,0,0,0,0,0,0,0,0
GIPUZKOA,003,002,ADUNA,288,154,68,86,0,86,134,3,1,3,0,1,0,0,0,0,0,0,0,0,7,46,0,0,0,24,0,0,0,0,0,0,0,1,0,0,0,0
GIPUZKOA,003,004,ALBIZTUR,247,97,13,84,0,84,150,1,2,1,0,0,0,0,0,0,0,0,0,0,2,62,0,0,0,16,0,0,0,0,0,0,0,0,0,0,0,0
GIPUZKOA,003,005,ALEGIA,1370,574,199,375,4,371,796,38,29,10,0,0,0,0,0,0,0,0,0,0,11,166,0,0,0,114,0,0,0,0,0,2,0,1,0,0,0,0
GIPUZKOA,003,006,ALKIZA,239,90,18,72,2,70,149,0,0,5,0,0,0,0,0,0,0,0,0,0,5,51,0,0,0,9,0,0,0,0,0,0,0,0,0,0,0,0
GIPUZKOA,003,007,ALTZO,273,131,71,60,1,59,142,0,3,1,1,0,0,0,0,0,0,0,0,0,5,35,0,0,0,12,0,0,0,0,0,0,0,0,0,0,0,2
GIPUZKOA,003,008,AMEZKETA,828,313,142,171,2,169,515,0,13,9,0,0,0,0,0,0,0,0,0,0,8,94,0,0,0,45,0,0,0,0,0,0,0,0,0,0,0,0
GIPUZKOA,003,009,ANDOAIN,11754,4900,947,3953,19,3934,6854,1470,639,184,2,6,1,0,7,3,1,1,0,1,63,1063,3,0,0,436,0,1,4,0,7,1,0,21,7,0,1,12
GIPUZKOA,003,010,ANOETA,1426,551,212,339,4,335,875,68,54,11,0,0,1,0,0,0,0,0,0,0,12,142,0,0,0,37,0,0,0,0,0,1,0,7,0,0,1,1
GIPUZKOA,003,012,ARAMA,134,79,33,46,0,46,55,2,4,0,0,0,0,0,0,0,0,0,0,0,1,27,0,0,0,11,0,0,0,0,0,0,0,0,0,0,0,1
GIPUZKOA,003,014,ASTEASU,1091,380,153,227,2,225,711,20,13,13,0,0,0,0,0,0,0,0,0,0,10,96,0,0,0,73,0,0,0,0,0,0,0,0,0,0,0,0
GIPUZKOA,003,015,ATAUN,1338,807,393,414,1,413,531,13,1,8,0,0,0,0,0,0,0,0,0,0,28,243,0,0,0,117,0,0,0,0,0,2,0,0,0,0,1,0
GIPUZKOA,003,019,BEASAIN,10152,4278,675,3603,18,3585,5874,950,438,145,0,1,0,0,0,4,1,1,0,0,91,1428,0,0,0,486,23,0,0,0,1,0,0,7,0,0,1,8
GIPUZKOA,003,021,BELAUNTZA,262,77,31,46,0,46,185,0,3,0,0,0,0,0,0,0,0,0,0,0,5,28,0,0,0,8,0,1,1,0,0,0,0,0,0,0,0,0
GIPUZKOA,003,022,BERASTEGI,796,293,99,194,2,192,503,11,6,8,0,0,0,0,0,0,0,0,0,0,2,106,0,0,0,56,0,0,0,0,0,1,0,0,0,0,0,2
GIPUZKOA,003,023,BERROBI,446,171,69,102,0,102,275,5,9,1,0,0,0,0,0,0,0,0,0,0,3,69,0,0,0,13,0,0,0,0,0,0,0,0,0,0,0,2
GIPUZKOA,003,025,ZEGAMA,1102,668,179,489,3,486,434,6,10,2,0,0,0,0,0,0,0,0,0,0,11,157,0,0,0,297,0,0,0,0,0,1,0,1,0,0,1,0
GIPUZKOA,003,026,ZERAIN,214,145,60,85,0,85,69,1,0,0,0,0,0,0,0,0,0,0,0,0,4,64,0,0,0,16,0,0,0,0,0,0,0,0,0,0,0,0
GIPUZKOA,003,028,ZIZURKIL,2285,879,284,595,5,590,1406,146,83,22,0,0,1,0,0,0,0,0,0,1,16,239,0,0,0,72,0,0,1,3,0,1,0,2,0,0,0,3
GIPUZKOA,003,031,ELDUAIN,180,94,57,37,1,36,86,2,1,0,0,0,0,0,0,0,0,0,0,0,0,23,0,0,0,10,0,0,0,0,0,0,0,0,0,0,0,0
GIPUZKOA,003,035,EZKIO-ITSASO,465,217,101,116,1,115,248,0,0,3,0,0,0,0,0,0,0,0,0,0,8,59,0,0,0,43,0,0,0,0,1,0,0,1,0,0,0,0
GIPUZKOA,003,037,GAINTZA,106,46,11,35,1,34,60,0,0,0,0,0,0,0,0,0,0,0,0,0,1,29,0,0,0,3,0,0,0,0,0,0,0,0,0,0,0,1
GIPUZKOA,003,038,GABIRIA,340,190,41,149,3,146,150,1,1,1,0,0,0,0,0,0,0,0,0,0,10,54,0,0,0,78,0,0,0,0,0,0,0,1,0,0,0,0
GIPUZKOA,003,041,HERNIALDE,251,86,36,50,0,50,165,5,3,5,0,0,0,0,0,0,0,0,0,0,7,23,0,0,0,7,0,0,0,0,0,0,0,0,0,0,0,0
GIPUZKOA,003,042,IBARRA,3653,1410,463,947,9,938,2243,251,118,37,0,1,0,1,1,1,0,0,0,0,36,331,2,1,0,144,0,0,2,0,0,2,1,5,0,0,4,0
GIPUZKOA,003,043,IDIAZABAL,1780,925,226,699,2,697,855,33,35,10,0,0,0,0,0,0,0,0,0,0,17,323,0,0,0,276,0,0,1,0,0,1,0,1,0,0,0,0
GIPUZKOA,003,044,IKAZTEGIETA,318,166,74,92,0,92,152,5,3,4,0,0,0,0,0,0,0,0,0,0,2,65,0,0,0,12,0,0,0,0,0,0,0,1,0,0,0,0
GIPUZKOA,003,046,IRURA,880,330,123,207,2,205,550,33,19,6,0,0,0,0,0,0,0,0,0,0,6,102,0,0,0,37,0,1,0,0,0,1,0,0,0,0,0,0
GIPUZKOA,003,047,ITSASONDO,468,213,98,115,0,115,255,9,7,6,0,0,0,0,0,0,0,0,0,0,6,69,0,0,0,18,0,0,0,0,0,0,0,0,0,0,0,0
GIPUZKOA,003,048,LARRAUL,131,50,22,28,0,28,81,2,0,1,0,0,0,0,0,0,0,0,0,0,4,11,0,0,0,9,0,0,0,0,0,1,0,0,0,0,0,0
GIPUZKOA,003,049,LAZKAO,4120,1918,489,1429,10,1419,2202,320,162,49,0,2,2,0,1,0,1,1,0,0,19,630,0,0,1,212,0,0,1,0,1,1,0,6,1,1,0,8
GIPUZKOA,003,050,LEABURU,319,177,108,69,0,69,142,0,4,2,0,0,0,0,0,0,0,0,0,0,7,52,0,0,0,4,0,0,0,0,0,0,0,0,0,0,0,0
GIPUZKOA,003,051,LEGAZPI,7375,3284,489,2795,18,2777,4091,680,366,102,1,1,0,1,1,0,0,0,10,0,68,975,0,0,0,525,1,2,2,0,0,14,1,15,0,0,0,12
GIPUZKOA,003,052,LEGORRETA,1150,611,163,448,3,445,539,72,33,11,0,0,1,0,0,0,0,0,0,0,10,265,0,0,0,44,0,0,0,0,0,1,2,2,0,0,0,4
GIPUZKOA,003,054,LIZARTZA,516,283,191,92,2,90,233,5,5,0,0,0,0,0,0,0,0,0,0,0,2,59,0,0,0,17,0,0,0,0,0,0,0,0,0,0,0,2
GIPUZKOA,003,057,MUTILOA,134,59,25,34,1,33,75,0,0,2,0,0,0,0,0,0,0,0,0,0,0,23,0,0,0,8,0,0,0,0,0,0,0,0,0,0,0,0
GIPUZKOA,003,058,OLABERRIA,797,346,63,283,0,283,451,85,43,10,0,0,0,0,0,0,0,0,0,0,4,113,2,0,0,24,0,0,0,0,0,1,0,0,1,0,0,0
GIPUZKOA,003,060,OREXA,73,62,57,5,1,4,11,0,0,0,0,0,0,0,0,0,0,0,0,0,0,3,0,0,0,1,0,0,0,0,0,0,0,0,0,0,0,0
GIPUZKOA,003,062,ORMAIZTEGI,1015,525,138,387,2,385,490,35,16,8,0,0,0,0,0,0,0,0,0,0,8,235,0,0,0,77,0,0,1,1,1,0,0,1,0,0,0,2
GIPUZKOA,003,070,SEGURA,1012,626,220,406,7,399,386,13,9,7,0,0,0,0,0,0,0,0,0,0,3,174,0,0,0,191,1,0,0,0,1,0,0,0,0,0,0,0
GIPUZKOA,003,071,TOLOSA,14767,6011,1431,4580,33,4547,8756,857,671,214,0,19,2,1,5,1,1,0,0,0,179,1743,3,15,0,780,2,0,4,7,0,3,2,16,5,0,2,15
GIPUZKOA,003,075,VILLABONA,4649,1810,517,1293,14,1279,2839,285,166,49,0,1,0,0,0,0,0,0,1,0,29,514,2,0,0,211,0,1,2,2,0,2,2,4,0,0,0,8
GIPUZKOA,003,076,ORDIZIA,7259,3346,737,2609,9,2600,3913,676,403,136,0,5,0,1,2,1,0,1,0,0,61,903,1,0,0,385,0,0,0,0,2,4,0,10,0,1,3,5
GIPUZKOA,003,077,URRETXU,5544,2692,502,2190,18,2172,2852,645,256,88,0,0,0,0,0,0,0,1,11,0,44,612,5,2,0,481,0,0,0,0,0,3,0,9,1,0,5,9
GIPUZKOA,003,078,ZALDIBIA,1217,694,383,311,1,310,523,36,14,8,0,0,0,0,0,0,0,0,0,0,90,117,2,0,0,41,0,0,0,0,0,0,0,0,0,0,0,2
GIPUZKOA,003,080,ZUMARRAGA,8501,3908,508,3400,25,3375,4593,1300,494,150,0,1,2,0,3,0,0,2,4,0,33,819,2,0,0,495,1,0,3,1,3,4,0,35,1,0,7,15
GIPUZKOA,003,904,BALIARRAIN,90,38,24,14,0,14,52,1,0,0,0,0,0,0,0,0,0,0,0,0,1,11,0,0,0,1,0,0,0,0,0,0,0,0,0,0,0,0
GIPUZKOA,003,905,ORENDAIN,138,68,26,42,0,42,70,0,0,0,0,0,0,0,0,0,0,0,0,0,5,26,0,0,0,11,0,0,0,0,0,0,0,0,0,0,0,0
GIPUZKOA,003,906,ALTZAGA,120,65,32,33,0,33,55,2,0,6,0,0,0,0,0,0,0,0,0,0,4,13,0,0,0,7,0,0,0,0,0,0,0,1,0,0,0,0
GIPUZKOA,003,907,GAZTELU,129,67,35,32,0,32,62,0,0,2,0,0,0,0,0,0,0,0,0,0,1,24,0,0,0,5,0,0,0,0,0,0,0,0,0,0,0,0
GIPUZKOA,004,003,AIZARNAZABAL,470,203,94,109,2,107,267,4,1,1,0,0,0,0,0,0,0,0,0,0,7,61,0,0,0,32,0,0,0,0,0,0,0,1,0,0,0,0
GIPUZKOA,004,011,ANTZUOLA,1654,854,293,561,4,557,800,115,34,11,0,0,0,0,0,0,0,0,0,0,31,241,0,0,0,120,0,1,0,0,0,1,0,2,0,0,0,1
GIPUZKOA,004,013,ARETXABALETA,5256,2303,551,1752,8,1744,2953,392,150,70,0,0,1,0,3,0,0,0,0,0,144,649,2,0,0,302,0,0,0,1,1,2,1,15,1,0,2,8
GIPUZKOA,004,016,AIA,1387,531,108,423,1,422,856,4,11,10,0,0,0,0,0,0,0,0,0,0,7,320,0,0,0,68,0,0,0,0,0,1,1,0,0,0,0,0
GIPUZKOA,004,017,AZKOITIA,8577,4131,680,3451,16,3435,4446,470,334,75,0,4,1,0,4,0,0,0,9,0,66,2084,5,0,0,351,0,0,0,0,4,6,0,14,0,0,1,7
GIPUZKOA,004,018,AZPEITIA,11256,5076,1159,3917,23,3894,6180,297,276,54,1,4,0,1,3,0,1,1,1,0,74,2271,1,0,1,874,0,6,1,0,2,3,1,12,1,0,2,6
GIPUZKOA,004,020,BEIZAMA,140,81,31,50,1,49,59,0,1,0,0,0,0,0,0,0,0,0,0,0,2,37,0,0,0,9,0,0,0,0,0,0,0,0,0,0,0,0
GIPUZKOA,004,024,BIDEGOIAN,355,176,59,117,2,115,179,1,2,0,0,0,1,0,0,0,0,0,0,0,3,48,0,0,0,58,0,0,1,1,0,0,0,0,0,0,0,0
GIPUZKOA,004,027,ZESTOA,2612,1320,452,868,4,864,1292,45,30,14,0,0,0,0,0,0,0,0,0,0,27,535,0,0,0,210,0,0,0,0,0,1,0,1,0,0,0,1
GIPUZKOA,004,029,DEBA,4335,2118,468,1650,8,1642,2217,186,132,91,1,0,0,0,0,0,1,0,0,0,39,652,2,0,0,517,0,2,0,1,1,3,0,10,0,0,0,4
GIPUZKOA,004,030,EIBAR,24015,10734,1262,9472,56,9416,13281,3267,1556,359,2,1,3,2,4,0,1,0,5,1,126,3009,4,0,0,974,2,0,6,2,5,6,0,49,4,2,6,20
GIPUZKOA,004,032,ELGOIBAR,9026,4466,651,3815,47,3768,4560,788,483,107,0,0,2,0,0,0,1,1,1,0,61,1824,2,0,0,455,0,0,2,1,0,1,0,17,6,1,1,14
GIPUZKOA,004,033,ELGETA,854,455,100,355,2,353,399,22,17,11,0,0,0,0,0,0,0,0,0,0,76,190,0,0,1,31,0,0,0,3,0,0,0,1,0,0,0,1
GIPUZKOA,004,034,ESKORIATZA,3284,1328,336,992,0,992,1956,277,93,50,0,0,0,0,3,0,0,0,0,0,18,355,0,0,0,183,0,0,3,0,0,0,0,5,0,0,0,5
GIPUZKOA,004,039,GETARIA,1986,1164,313,851,4,847,822,29,25,9,0,1,0,0,0,0,0,0,0,0,72,574,0,0,0,136,0,0,0,0,0,0,0,1,0,0,0,0
GIPUZKOA,004,055,ARRASATE / MONDRAGON,19515,8547,1831,6716,34,6682,10968,1952,881,430,1,1,0,0,8,1,3,2,1,0,217,2115,4,2,0,962,2,1,7,12,3,13,0,39,0,0,3,22
GIPUZKOA,004,056,MUTRIKU,3958,2047,670,1377,5,1372,1911,69,114,23,0,0,0,0,0,0,0,0,0,0,29,996,0,0,0,139,0,0,0,0,0,0,0,0,0,0,0,2
GIPUZKOA,004,059,O헤TI,8920,3891,845,3046,13,3033,5029,329,266,80,0,0,0,2,1,1,0,2,0,0,178,1682,0,0,0,466,0,0,1,0,0,3,0,12,1,0,2,7
GIPUZKOA,004,061,ORIO,3727,1577,310,1267,5,1262,2150,168,75,29,0,0,1,0,0,0,0,0,0,0,36,756,1,0,0,184,0,0,2,0,0,0,0,6,0,0,1,3
GIPUZKOA,004,065,SORALUZE-PLACENCIA DE LAS ARMAS,3493,1715,387,1328,7,1321,1778,308,241,26,0,2,0,0,0,0,0,0,0,0,26,559,0,2,0,133,0,0,0,0,1,3,0,7,5,0,0,8
GIPUZKOA,004,066,ERREZIL,506,193,101,92,0,92,313,2,2,1,0,0,0,0,0,0,0,0,0,0,1,71,0,0,0,13,0,0,0,0,0,2,0,0,0,0,0,0
GIPUZKOA,004,068,LEINTZ-GATZAGA,213,122,49,73,0,73,91,1,1,3,0,0,0,0,0,0,0,0,0,0,5,52,1,0,0,5,0,0,0,0,0,1,0,4,0,0,0,0
GIPUZKOA,004,074,BERGARA,12534,5296,1242,4054,21,4033,7238,666,342,177,2,0,2,0,1,1,1,0,0,0,304,1835,5,0,0,652,0,1,1,1,0,6,0,11,0,0,2,23
GIPUZKOA,004,079,ZARAUTZ,17355,7789,1294,6495,32,6463,9566,1223,899,216,0,1,0,0,3,1,0,0,0,0,269,2300,2,0,0,1494,2,4,1,2,2,5,0,18,3,0,1,17
GIPUZKOA,004,081,ZUMAIA,7039,3071,601,2470,12,2458,3968,591,232,103,1,0,1,0,0,0,2,1,2,0,55,1080,0,0,0,369,0,0,0,0,2,0,1,8,1,0,3,6
GIPUZKOA,004,901,MENDARO,1333,608,75,533,0,533,725,87,43,10,0,0,0,0,0,0,0,0,0,0,13,305,1,1,0,63,0,0,0,0,0,0,0,9,0,0,0,1
GIPUZKOA,099,999,MUNICIPIO CERA GIPUZKOA,13560,2712,84,2628,20,2608,10848,888,468,46,5,2,2,2,1,1,6,1,1,1,70,857,13,0,1,133,0,2,10,6,1,2,0,21,36,0,4,28
BIZKAIA,001,020,BILBAO,295774,134770,9500,125270,735,124535,161004,34015,33534,6126,49,25,41,17,116,19,17,23,27,21,919,43167,90,18,7,4978,15,9,165,68,89,63,19,352,34,10,83,419
BIZKAIA,002,002,ABANTO Y CIRVANA-ABANTO ZIERBENA,7845,3383,326,3057,24,3033,4462,1195,253,233,0,0,3,0,1,2,1,0,0,0,8,1172,3,0,0,127,0,0,0,1,2,3,0,13,3,0,3,10
BIZKAIA,002,008,ARTZENTALES,575,332,23,309,2,307,243,7,15,9,0,0,0,0,0,0,0,0,0,0,5,244,0,0,0,24,0,0,0,0,0,0,0,0,0,0,1,2
BIZKAIA,002,013,BARAKALDO,82520,34819,2146,32673,179,32494,47701,14224,7308,1631,8,5,7,5,38,4,12,14,8,2,95,7806,24,1,3,921,29,3,30,29,19,21,6,114,10,5,22,90
BIZKAIA,002,022,KARRANTZA HARANA / VALLE DE CARRANZA,2497,979,90,889,2,887,1518,109,93,17,1,0,0,0,0,0,0,0,0,0,4,614,0,0,0,46,0,0,1,0,0,0,0,1,0,0,0,1
BIZKAIA,002,037,GALDAMES,724,419,67,352,0,352,305,40,18,11,0,0,0,0,0,0,0,0,0,0,3,238,0,0,0,39,0,0,0,0,0,0,0,0,0,0,1,2
BIZKAIA,002,042,GORDEXOLA,1330,932,45,887,1,886,398,82,161,27,0,1,0,0,0,0,0,0,0,0,5,536,0,0,0,63,0,0,1,4,0,0,0,3,0,0,1,2
BIZKAIA,002,045,G㏊헨S,5097,3057,230,2827,19,2808,2040,505,190,72,0,1,1,0,2,1,0,24,2,0,12,1701,1,0,0,265,0,0,3,2,0,3,0,8,2,1,3,9
BIZKAIA,002,051,LANESTOSA,252,159,3,156,0,156,93,37,21,1,0,0,0,0,0,0,0,0,0,0,0,81,0,0,0,4,0,0,0,1,0,0,0,10,0,0,1,0
BIZKAIA,002,071,MUSKIZ,5619,2927,272,2655,22,2633,2692,680,200,121,0,0,1,1,4,0,0,0,0,1,12,1352,1,1,0,237,0,0,3,1,3,0,0,6,2,0,1,6
BIZKAIA,002,078,PORTUGALETE,43741,19293,1150,18143,97,18046,24448,7358,3748,976,3,0,10,1,15,4,2,3,6,4,88,5033,18,1,0,590,1,4,13,3,8,8,6,43,10,1,15,74
BIZKAIA,002,080,VALLE DE TR쳃AGA-TRAPAGARAN,10817,4983,409,4574,26,4548,5834,1961,523,298,1,0,1,0,3,0,1,0,0,0,13,1556,10,1,0,150,0,0,3,0,2,1,1,12,1,0,3,7
BIZKAIA,002,082,SANTURTZI,40438,16950,1444,15506,92,15414,23488,6353,2789,827,5,0,2,1,12,1,1,6,3,0,38,4741,13,0,0,481,4,0,11,3,10,7,1,52,3,1,11,38
BIZKAIA,002,083,ORTUELLA,7337,3257,216,3041,14,3027,4080,1250,273,165,0,0,3,0,0,0,1,0,0,0,13,1072,3,1,0,219,0,0,0,0,0,0,2,15,1,0,3,6
BIZKAIA,002,084,SESTAO,26673,10924,818,10106,53,10053,15749,4350,1842,646,5,3,1,3,14,0,2,2,4,1,31,2764,13,4,1,268,2,0,8,2,12,4,0,23,3,2,6,37
BIZKAIA,002,086,SOPUERTA,1965,980,90,890,3,887,985,169,98,34,0,0,0,1,1,0,0,0,0,0,4,398,0,0,0,171,0,0,0,0,2,0,0,4,0,0,1,4
BIZKAIA,002,087,TRUCIOS-TURTZIOZ,466,238,15,223,0,223,228,27,40,2,0,0,0,0,0,0,0,0,0,0,1,121,0,0,0,31,0,0,0,1,0,0,0,0,0,0,0,0
BIZKAIA,002,090,BALMASEDA,6099,3264,243,3021,18,3003,2835,872,344,65,73,3,2,0,2,0,2,1,1,0,8,1398,3,0,1,183,0,0,12,2,1,1,0,8,1,0,4,16
BIZKAIA,002,096,ZALLA,6649,3939,239,3700,16,3684,2710,633,304,103,0,0,0,1,2,2,0,0,0,0,24,2412,2,0,0,177,0,1,1,0,1,3,0,6,1,0,2,9
BIZKAIA,002,912,ALONSOTEGI,2314,1357,162,1195,2,1193,957,229,120,33,0,0,0,0,0,0,0,0,0,0,2,666,1,0,0,135,0,0,0,0,0,1,0,5,0,0,0,1
BIZKAIA,002,913,ZIERBENA,1108,581,77,504,4,500,527,70,38,16,0,0,1,0,0,0,0,1,0,0,3,339,0,0,0,26,0,0,0,0,0,1,0,3,0,0,1,1
BIZKAIA,003,001,ABADI헲,5930,2491,516,1975,11,1964,3439,471,371,81,2,0,0,1,8,2,1,1,0,1,30,825,2,0,0,138,1,0,2,1,8,1,0,7,3,0,3,4
BIZKAIA,003,003,AMOREBIETA-ETXANO,13946,6714,1081,5633,41,5592,7232,1227,540,316,1,2,3,2,4,3,1,0,1,1,77,2854,1,1,0,489,1,4,7,1,7,9,0,25,1,0,2,12
BIZKAIA,003,005,ARAKALDO,84,55,22,33,1,32,29,1,3,1,0,0,0,0,0,0,0,0,0,0,2,19,0,0,0,6,0,0,0,0,0,0,0,0,0,0,0,0
BIZKAIA,003,006,ARANTZAZU,246,174,50,124,1,123,72,2,6,2,0,0,0,0,0,0,0,0,0,0,2,89,0,0,0,20,0,0,0,0,0,0,0,2,0,0,0,0
BIZKAIA,003,009,ARRANKUDIAGA,676,422,123,299,1,298,254,13,19,5,0,0,0,1,0,0,1,0,0,0,3,234,0,0,0,21,0,0,0,0,0,1,0,0,0,0,0,0
BIZKAIA,003,011,ARRIGORRIAGA,9662,4298,521,3777,23,3754,5364,1084,524,203,0,0,2,0,3,3,0,1,3,0,24,1644,3,1,0,190,2,0,4,1,1,4,0,20,11,0,3,23
BIZKAIA,003,015,BASAURI,38673,16849,1298,15551,62,15489,21824,5879,2955,628,4,1,13,0,20,2,2,1,3,3,70,5286,14,1,1,450,2,0,13,3,10,12,3,66,3,1,11,32
BIZKAIA,003,019,BERRIZ,3805,1758,290,1468,9,1459,2047,384,195,35,0,0,0,0,0,0,0,0,0,0,26,684,15,0,0,101,1,2,1,8,0,0,0,2,0,0,1,4
BIZKAIA,003,023,ARTEA,567,390,85,305,2,303,177,3,28,3,0,0,0,0,0,0,0,0,0,0,7,180,0,0,0,82,0,0,0,0,0,0,0,0,0,0,0,0
BIZKAIA,003,024,ZEANURI,999,653,114,539,4,535,346,14,17,0,0,0,0,0,0,0,0,0,0,0,14,404,1,0,0,81,0,0,0,0,0,3,0,0,0,0,0,1
BIZKAIA,003,025,ZEBERIO,876,513,143,370,2,368,363,15,13,11,0,0,0,0,0,0,0,0,0,0,6,303,0,0,0,13,0,0,0,0,0,3,0,4,0,0,0,0
BIZKAIA,003,026,DIMA,950,623,221,402,3,399,327,4,16,7,0,0,0,0,0,0,0,0,0,0,5,315,0,0,0,52,0,0,0,0,0,0,0,0,0,0,0,0
BIZKAIA,003,027,DURANGO,21275,9927,1377,8550,52,8498,11348,1656,1582,341,0,5,3,0,12,2,0,1,2,0,233,4094,4,1,0,492,1,2,6,4,3,8,0,16,2,0,4,24
BIZKAIA,003,029,ETXEBARRI,6322,2474,138,2336,9,2327,3848,969,442,101,0,0,0,1,4,1,0,3,1,0,14,640,0,1,0,125,0,1,3,1,4,1,1,8,0,0,0,6
BIZKAIA,003,032,ELORRIO,6022,2935,680,2255,20,2235,3087,502,362,84,0,0,3,1,0,0,0,0,0,0,59,1049,0,0,0,167,0,0,0,2,0,0,0,1,0,0,0,5
BIZKAIA,003,034,ERMUA,13885,6433,346,6087,28,6059,7452,2649,1959,297,0,1,3,1,1,2,0,2,0,0,71,898,1,0,0,138,0,0,7,0,1,1,0,18,0,0,3,6
BIZKAIA,003,036,GALDAKAO,24596,10621,1307,9314,44,9270,13975,2390,1341,462,3,1,2,1,14,5,2,4,2,5,88,4190,8,5,0,658,1,3,2,2,8,13,0,26,0,1,7,26
BIZKAIA,003,039,GARAI,248,172,22,150,1,149,76,2,2,0,0,0,0,0,0,0,0,0,0,0,9,126,2,0,0,6,0,0,0,0,0,1,0,1,0,0,0,0
BIZKAIA,003,050,IZURTZA,242,156,61,95,0,95,86,10,5,3,0,0,0,0,0,0,0,0,0,0,2,66,0,0,0,8,0,0,0,0,0,0,0,0,0,0,0,1
BIZKAIA,003,055,LEMOA,2339,1431,218,1213,5,1208,908,104,103,28,0,0,1,0,2,1,0,0,0,0,10,787,0,0,0,159,0,0,1,1,0,1,0,5,0,0,0,5
BIZKAIA,003,058,MALLABIA,950,503,163,340,2,338,447,54,27,6,0,0,0,0,0,0,0,0,0,0,7,221,0,1,0,15,1,0,0,0,0,0,1,0,0,1,0,4
BIZKAIA,003,059,MA헤RIA,387,239,70,169,1,168,148,4,4,4,0,0,0,0,0,0,0,0,0,0,4,143,0,0,0,8,0,0,0,0,0,0,0,1,0,0,0,0
BIZKAIA,003,065,UGAO-MIRABALLES,3428,1697,337,1360,4,1356,1731,301,156,45,0,1,0,0,3,0,0,0,0,0,10,727,3,0,0,98,0,0,2,0,2,0,0,6,1,0,0,1
BIZKAIA,003,072,OTXANDIO,899,541,170,371,3,368,358,22,45,9,0,0,0,0,0,0,1,0,0,0,19,244,0,0,0,27,0,0,0,0,0,0,1,0,0,0,0,0
BIZKAIA,003,074,URDU헤-ORDU헤,3344,1683,254,1429,5,1424,1661,195,244,42,2,0,0,1,1,1,0,0,0,0,25,818,0,1,0,79,0,0,1,0,0,0,1,7,0,0,1,5
BIZKAIA,003,075,OROZKO,1870,989,108,881,4,877,881,32,95,20,0,0,1,0,0,0,0,0,0,1,4,663,0,0,0,56,1,0,0,0,0,0,0,2,0,0,0,2
BIZKAIA,003,088,UBIDE,136,91,37,54,0,54,45,2,7,0,0,0,0,0,0,0,0,0,0,0,4,38,0,0,0,2,0,0,0,0,0,0,0,1,0,0,0,0
BIZKAIA,003,091,ATXONDO,1180,568,175,393,2,391,612,61,35,7,0,0,0,0,0,0,0,0,0,0,8,257,0,0,0,21,0,0,0,1,0,0,0,0,1,0,0,0
BIZKAIA,003,092,BEDIA,813,477,62,415,3,412,336,35,29,7,0,0,0,0,0,0,1,1,0,0,0,331,0,0,0,8,0,0,0,0,0,0,0,0,0,0,0,0
BIZKAIA,003,093,AREATZA,825,501,80,421,3,418,324,29,76,4,0,2,0,0,0,0,0,0,0,0,14,258,0,0,0,30,1,0,0,0,0,2,0,0,0,0,0,2
BIZKAIA,003,094,IGORRE,3308,1709,359,1350,12,1338,1599,105,61,8,0,0,1,0,1,0,0,0,0,0,36,966,1,0,1,148,0,0,1,1,0,2,0,5,0,1,0,0
BIZKAIA,003,095,ZALDIBAR,2394,1096,194,902,7,895,1298,280,158,33,0,1,0,0,6,0,1,0,1,0,9,356,0,1,0,40,1,0,0,1,0,0,0,5,0,0,0,2
BIZKAIA,003,097,ZARATAMO,1359,689,116,573,4,569,670,140,56,15,0,0,0,0,0,0,0,1,0,0,6,253,0,0,0,84,0,0,1,0,2,1,1,8,0,0,1,0
BIZKAIA,003,910,IURRETA,3483,1620,300,1320,5,1315,1863,358,250,30,1,0,0,0,1,1,0,0,0,0,6,613,2,0,0,45,0,0,2,0,2,0,0,3,0,0,0,1
BIZKAIA,004,004,AMOROTO,303,172,28,144,1,143,131,1,0,0,0,0,0,0,0,0,0,0,0,0,4,126,0,0,0,12,0,0,0,0,0,0,0,0,0,0,0,0
BIZKAIA,004,007,MUNITIBAR-ARBATZEGI GERRIKAITZ-,322,202,64,138,0,138,120,1,5,0,0,0,0,0,0,0,0,0,0,0,4,123,0,0,0,3,0,0,2,0,0,0,0,0,0,0,0,0
BIZKAIA,004,010,ARRIETA,443,242,27,215,1,214,201,4,8,3,0,0,0,0,0,0,0,0,0,0,4,183,0,0,0,12,0,0,0,0,0,0,0,0,0,0,0,0
BIZKAIA,004,012,BAKIO,1670,1043,160,883,4,879,627,37,46,28,2,1,0,0,0,0,0,0,0,0,13,631,0,0,0,111,0,0,1,0,0,1,0,5,1,0,1,1
BIZKAIA,004,014,BARRIKA,1088,559,92,467,1,466,529,59,58,18,0,0,0,0,1,0,0,0,0,0,9,281,0,0,0,39,0,0,0,0,0,0,0,0,0,0,0,1
BIZKAIA,004,016,BERANGO,4806,2337,323,2014,8,2006,2469,453,355,102,0,0,2,0,3,0,0,1,1,0,26,859,1,0,0,181,1,0,0,1,1,1,0,8,1,0,2,7
BIZKAIA,004,017,BERMEO,14225,7261,981,6280,20,6260,6964,505,227,68,0,0,1,1,3,0,0,1,0,0,42,3360,8,0,0,1992,0,0,3,0,2,6,3,19,2,0,1,16
BIZKAIA,004,018,BERRIATUA,915,421,142,279,0,279,494,10,3,2,0,0,0,0,0,1,0,0,0,0,8,232,0,0,0,19,0,0,1,0,0,0,0,3,0,0,0,0
BIZKAIA,004,021,BUSTURIA,1497,842,174,668,4,664,655,67,35,19,1,0,0,0,2,0,0,1,0,0,7,427,0,0,0,103,0,0,0,0,0,0,0,2,0,0,0,0
BIZKAIA,004,028,EA,700,478,154,324,2,322,222,2,12,3,0,0,0,0,0,0,0,0,0,0,3,247,0,0,0,54,0,0,0,0,0,0,0,0,0,0,0,1
BIZKAIA,004,030,ETXEBARRIA,643,356,123,233,4,229,287,5,5,2,0,0,0,0,0,0,0,0,0,0,3,201,0,0,0,10,0,0,0,0,0,3,0,0,0,0,0,0
BIZKAIA,004,031,ELANTXOBE,412,283,66,217,0,217,129,2,3,1,0,0,0,0,0,0,0,0,0,0,1,169,0,1,0,38,0,0,0,0,0,0,0,2,0,0,0,0
BIZKAIA,004,033,ERE헲,227,140,24,116,0,116,87,3,8,5,0,0,0,0,0,0,0,0,0,0,0,82,0,0,0,18,0,0,0,0,0,0,0,0,0,0,0,0
BIZKAIA,004,035,FRUIZ,313,180,39,141,0,141,133,6,5,1,0,0,0,0,0,0,0,0,0,0,0,121,0,0,0,6,0,0,0,0,0,0,0,2,0,0,0,0
BIZKAIA,004,038,GAMIZ-FIKA,1017,609,89,520,1,519,408,22,31,18,0,0,1,0,0,0,0,0,0,0,10,386,0,0,0,51,0,0,0,0,0,0,0,0,0,0,0,0
BIZKAIA,004,040,GATIKA,1140,620,120,500,0,500,520,30,33,11,0,0,0,0,1,0,0,0,0,0,4,331,1,0,0,86,0,0,0,0,0,0,0,2,0,0,0,1
BIZKAIA,004,041,GAUTEGIZ ARTEAGA,726,488,88,400,3,397,238,9,20,10,0,0,0,1,0,0,0,0,0,0,11,295,0,0,0,48,0,0,0,1,0,0,0,2,0,0,0,0
BIZKAIA,004,043,GORLIZ,3816,2036,237,1799,6,1793,1780,184,212,56,0,0,1,0,0,0,0,0,0,1,17,1147,1,0,0,156,0,0,0,0,1,0,2,5,0,0,0,10
BIZKAIA,004,044,GETXO,67662,34471,2634,31837,217,31620,33191,5643,10716,1087,81,4,9,3,28,0,1,2,5,0,246,11671,42,1,2,1780,5,1,34,12,4,16,6,86,4,2,14,115
BIZKAIA,004,046,GERNIKA-LUMO,12922,7013,1311,5702,23,5679,5909,731,489,138,2,0,3,1,2,1,0,1,2,0,63,3393,3,1,1,801,1,1,3,4,4,9,0,9,2,2,6,6
BIZKAIA,004,047,GIZABURUAGA,116,70,31,39,0,39,46,0,0,0,0,0,0,0,0,0,0,0,0,0,0,35,0,0,0,4,0,0,0,0,0,0,0,0,0,0,0,0
BIZKAIA,004,048,IBARRANGELU,480,307,54,253,1,252,173,7,5,0,0,0,0,0,0,0,0,0,0,0,4,214,0,0,0,21,0,0,0,0,0,0,0,1,0,0,0,0
BIZKAIA,004,049,ISPASTER,542,333,49,284,1,283,209,0,11,4,0,0,0,0,0,0,0,0,0,0,0,256,0,0,0,9,0,0,0,0,0,0,0,3,0,0,0,0
BIZKAIA,004,052,LARRABETZU,1356,881,301,580,1,579,475,33,29,16,0,0,0,0,0,0,0,0,0,0,10,459,0,0,0,31,0,0,0,0,0,0,0,1,0,0,0,0
BIZKAIA,004,053,LAUKIZ,796,464,36,428,1,427,332,25,57,0,0,0,0,0,0,0,0,0,0,0,0,296,1,0,0,45,0,1,0,0,0,1,0,0,0,0,0,1
BIZKAIA,004,054,LEIOA,23517,10704,787,9917,56,9861,12813,2809,1851,515,1,0,2,0,14,2,3,6,0,0,80,3977,12,2,0,446,1,1,35,3,5,8,4,38,1,0,4,41
BIZKAIA,004,056,LEMOIZ,770,454,69,385,1,384,316,16,18,4,0,0,0,0,0,0,0,0,0,0,2,313,0,0,0,23,1,0,0,0,0,1,0,2,0,0,0,4
BIZKAIA,004,057,LEKEITIO,6235,3439,1018,2421,11,2410,2796,79,99,31,0,0,0,0,0,0,0,0,0,0,39,1575,0,0,0,573,0,0,0,0,1,1,0,1,0,0,0,11
BIZKAIA,004,060,MARKINA-XEMEIN,3922,1835,445,1390,5,1385,2087,47,77,29,0,0,0,0,0,0,0,0,0,0,15,1076,0,0,0,127,1,0,0,0,0,1,0,2,7,0,0,3
BIZKAIA,004,061,MARURI-JATABE,645,349,23,326,2,324,296,18,21,11,0,0,0,0,0,0,0,0,0,0,5,235,0,0,0,32,0,0,0,0,0,0,1,1,0,0,0,0
BIZKAIA,004,062,MENDATA,298,211,26,185,1,184,87,3,6,0,0,0,0,0,0,0,0,0,0,0,2,131,0,0,0,40,0,0,0,0,0,2,0,0,0,0,0,0
BIZKAIA,004,063,MENDEXA,307,187,83,104,1,103,120,0,1,5,0,0,0,0,0,0,0,0,0,0,4,85,0,0,0,6,0,0,0,0,0,2,0,0,0,0,0,0
BIZKAIA,004,064,ME헤KA,482,337,61,276,1,275,145,3,6,4,0,0,0,0,0,0,0,0,0,0,6,171,0,0,0,82,0,0,0,0,0,1,0,1,0,0,0,1
BIZKAIA,004,066,MORGA,361,237,30,207,0,207,124,2,5,1,0,0,0,0,0,0,0,0,0,0,0,185,0,0,0,13,0,0,0,0,0,0,0,1,0,0,0,0
BIZKAIA,004,067,MUXIKA,1161,691,181,510,1,509,470,4,13,6,0,0,0,0,0,0,0,0,0,0,6,412,0,0,0,66,0,0,0,0,0,1,0,0,0,0,0,1
BIZKAIA,004,068,MUNDAKA,1595,1010,178,832,2,830,585,26,19,15,0,0,0,0,1,0,0,0,0,0,9,642,1,0,0,111,0,0,0,0,0,1,0,1,0,0,0,4
BIZKAIA,004,069,MUNGIA,11443,5500,446,5054,21,5033,5943,523,595,115,0,0,2,0,2,2,0,2,1,0,51,3311,2,0,0,383,1,0,2,0,4,3,0,16,1,0,4,13
BIZKAIA,004,070,AULESTI,562,330,157,173,6,167,232,0,3,0,0,0,0,0,0,0,0,0,0,0,0,151,0,0,0,13,0,0,0,0,0,0,0,0,0,0,0,0
BIZKAIA,004,073,ONDARROA,7828,3974,1595,2379,14,2365,3854,132,241,66,0,5,1,0,0,0,0,1,0,0,82,1555,0,0,0,278,0,0,1,0,0,0,0,3,0,0,0,0
BIZKAIA,004,076,SUKARRIETA,324,210,43,167,1,166,114,9,13,3,0,0,0,0,0,0,0,0,0,0,4,112,0,0,0,25,0,0,0,0,0,0,0,0,0,0,0,0
BIZKAIA,004,077,PLENTZIA,3201,1735,194,1541,10,1531,1466,156,199,48,0,0,0,0,0,0,0,0,0,0,18,951,1,0,0,147,1,0,1,2,0,0,0,3,1,0,1,2
BIZKAIA,004,079,ERRIGOITI,446,288,55,233,0,233,158,0,6,0,0,0,0,0,0,0,0,0,0,0,1,208,0,0,0,17,0,0,0,0,0,0,0,0,0,0,0,1
BIZKAIA,004,081,LEZAMA,1831,1031,147,884,7,877,800,70,54,24,0,0,0,0,1,0,0,0,0,0,5,670,1,0,0,49,0,0,0,1,0,2,0,0,0,0,0,0
BIZKAIA,004,085,SOPELANA,9009,4022,645,3377,19,3358,4987,685,348,216,1,0,2,0,0,0,1,1,0,1,28,1819,2,0,0,213,0,0,2,0,2,1,1,9,1,0,0,25
BIZKAIA,004,089,URDULIZ,2647,1386,234,1152,8,1144,1261,193,93,41,1,0,0,0,2,0,0,0,0,0,6,686,2,0,0,112,0,0,0,0,0,0,0,2,0,0,3,3
BIZKAIA,004,901,DERIO,4192,2044,150,1894,9,1885,2148,601,218,68,1,1,1,0,1,1,2,3,0,0,8,837,0,1,0,125,0,0,2,0,1,1,0,5,0,0,2,6
BIZKAIA,004,902,ERANDIO,19672,8204,730,7474,33,7441,11468,2391,1031,313,3,0,3,1,11,1,1,4,1,1,34,3300,3,1,0,263,2,1,6,2,4,1,0,33,4,1,7,18
BIZKAIA,004,903,LOIU,1666,1012,65,947,6,941,654,56,156,20,1,0,1,0,0,1,0,0,0,0,3,644,0,0,0,55,0,0,0,0,0,0,0,2,0,1,0,1
BIZKAIA,004,904,SONDIKA,3538,2024,179,1845,7,1838,1514,281,202,41,0,1,0,0,0,0,0,0,0,0,7,1210,0,0,0,81,1,0,3,1,0,1,1,6,0,0,1,1
BIZKAIA,004,905,ZAMUDIO,2697,1424,233,1191,4,1187,1273,202,120,26,0,0,0,0,1,0,0,0,0,0,7,775,0,0,0,55,0,0,0,0,0,0,0,0,0,0,1,0
BIZKAIA,004,906,FORUA,835,476,129,347,2,345,359,31,20,4,0,0,0,0,0,0,0,0,0,0,5,260,0,0,1,23,0,0,0,0,0,0,0,0,0,0,0,1
BIZKAIA,004,907,KORTEZUBI,325,229,47,182,0,182,96,5,7,2,0,0,0,0,0,0,0,0,0,0,1,159,0,0,0,8,0,0,0,0,0,0,0,0,0,0,0,0
BIZKAIA,004,908,MURUETA,223,136,15,121,0,121,87,4,4,2,0,0,0,0,0,0,0,0,0,0,3,97,0,0,0,10,1,0,0,0,0,0,0,0,0,0,0,0
BIZKAIA,004,909,NABARNIZ,194,142,62,80,1,79,52,0,0,0,0,0,0,0,0,0,0,0,0,0,0,67,0,0,0,8,0,0,0,0,1,1,0,2,0,0,0,0
BIZKAIA,004,911,AJANGIZ,358,253,104,149,2,147,105,1,0,4,0,0,0,0,0,0,0,0,0,0,2,115,0,0,0,25,0,0,0,0,0,0,0,0,0,0,0,0
BIZKAIA,004,914,ARRATZU,311,220,85,135,0,135,91,1,1,3,0,0,0,0,0,0,0,0,0,0,2,111,0,0,0,15,0,0,0,0,0,1,0,1,0,0,0,0
BIZKAIA,099,999,MUNICIPIO CERA BIZKAIA,20416,3870,42,3828,10,3818,16546,1207,784,122,6,1,7,0,3,1,2,3,4,3,32,1382,14,0,1,94,0,1,9,18,3,1,0,15,61,0,3,41
